Trade number,Instrument,Account,Strategy,Market pos.,Qty,Entry price,Exit price,Entry time,Exit time,Entry name,Exit name,Profit,Cum. net profit,Commission,Clearing Fee,Exchange Fee,IP Fee,NFA Fee,MAE,MFE,ETD,Bars,
1,MGC 12-26,Backtest,GoldTrendScalperV40,Long,5,2543.5,2539.3,2024-01-05 10:12:00 AM,2024-01-05 10:17:00 AM,GL_B,Stop loss,-$222.00,-$222.00,$12.00,$0.00,$0.00,$0.00,$0.00,$210.00,$70.00,$292.00,6,
2,MGC 12-26,Backtest,GoldTrendScalperV40,Long,1,2531.0,2533.0,2024-02-01 11:12:00 AM,2024-02-01 11:17:00 AM,GL_B,TP1,$17.60,-$204.40,$2.40,$0.00,$0.00,$0.00,$0.00,$15.00,$78.00,$60.40,6,
3,MGC 12-26,Backtest,GoldTrendScalperV40,Long,1,2531.0,2537.3,2024-02-01 11:12:00 AM,2024-02-01 11:46:00 AM,GL_B,TP2,$60.60,-$143.80,$2.40,$0.00,$0.00,$0.00,$0.00,$15.00,$78.00,$17.40,35,
4,MGC 12-26,Backtest,GoldTrendScalperV40,Long,1,2531.0,2538.3,2024-02-01 11:12:00 AM,2024-02-01 11:47:00 AM,GL_B,TP3,$70.60,-$73.20,$2.40,$0.00,$0.00,$0.00,$0.00,$15.00,$78.00,$7.40,36,
5,MGC 12-26,Backtest,GoldTrendScalperV40,Long,2,2531.0,2535.5,2024-02-01 11:12:00 AM,2024-02-01 11:53:00 AM,GL_B,Stop loss,$85.20,$12.00,$4.80,$0.00,$0.00,$0.00,$0.00,$30.00,$156.00,$70.80,42,
6,MGC 12-26,Backtest,GoldTrendScalperV40,Long,5,2476.9,2474.5,2024-02-16 10:38:00 AM,2024-02-16 10:56:00 AM,GL_B,Stop loss,-$132.00,-$120.00,$12.00,$0.00,$0.00,$0.00,$0.00,$120.00,$85.00,$217.00,19,
7,MGC 12-26,Backtest,GoldTrendScalperV40,Long,1,2526.0,2528.4,2024-03-01 10:26:00 AM,2024-03-01 10:36:00 AM,GL_B,TP1,$21.60,-$98.40,$2.40,$0.00,$0.00,$0.00,$0.00,$1.00,$112.00,$90.40,11,
8,MGC 12-26,Backtest,GoldTrendScalperV40,Long,1,2526.0,2531.4,2024-03-01 10:26:00 AM,2024-03-01 10:48:00 AM,GL_B,TP2,$51.60,-$46.80,$2.40,$0.00,$0.00,$0.00,$0.00,$1.00,$112.00,$60.40,23,
9,MGC 12-26,Backtest,GoldTrendScalperV40,Long,1,2526.0,2533.3,2024-03-01 10:26:00 AM,2024-03-01 10:52:00 AM,GL_B,TP3,$70.60,$23.80,$2.40,$0.00,$0.00,$0.00,$0.00,$1.00,$112.00,$41.40,27,
10,MGC 12-26,Backtest,GoldTrendScalperV40,Long,2,2526.0,2537.1,2024-03-01 10:26:00 AM,2024-03-01 11:09:00 AM,GL_B,FullTake,$217.20,$241.00,$4.80,$0.00,$0.00,$0.00,$0.00,$2.00,$224.00,$6.80,44,
11,MGC 12-26,Backtest,GoldTrendScalperV40,Long,1,2573.5,2577.2,2024-03-04 11:00:00 AM,2024-03-04 11:14:00 AM,GL_B,TP1,$34.60,$275.60,$2.40,$0.00,$0.00,$0.00,$0.00,$16.00,$71.00,$36.40,15,
12,MGC 12-26,Backtest,GoldTrendScalperV40,Long,1,2573.5,2579.0,2024-03-04 11:00:00 AM,2024-03-04 11:15:00 AM,GL_B,TP2,$52.60,$328.20,$2.40,$0.00,$0.00,$0.00,$0.00,$16.00,$71.00,$18.40,16,
13,MGC 12-26,Backtest,GoldTrendScalperV40,Long,3,2573.5,2576.5,2024-03-04 11:00:00 AM,2024-03-04 11:22:00 AM,GL_B,Stop loss,$82.80,$411.00,$7.20,$0.00,$0.00,$0.00,$0.00,$48.00,$213.00,$130.20,23,
14,MGC 12-26,Backtest,GoldTrendScalperV40,Long,1,2638.4,2640.5,2024-03-13 1:12:00 PM,2024-03-13 1:17:00 PM,GL_B,TP1,$18.60,$429.60,$2.40,$0.00,$0.00,$0.00,$0.00,$5.00,$26.00,$7.40,6,
15,MGC 12-26,Backtest,GoldTrendScalperV40,Long,4,2638.4,2638.4,2024-03-13 1:12:00 PM,2024-03-13 1:18:00 PM,GL_B,Stop loss,-$9.60,$420.00,$9.60,$0.00,$0.00,$0.00,$0.00,$20.00,$104.00,$113.60,7,
16,MGC 12-26,Backtest,GoldTrendScalperV40,Long,1,2619.9,2622.6,2024-03-20 10:03:00 AM,2024-03-20 10:04:00 AM,GL_B,TP1,$24.60,$444.60,$2.40,$0.00,$0.00,$0.00,$0.00,$2.00,$39.00,$14.40,2,
17,MGC 12-26,Backtest,GoldTrendScalperV40,Long,4,2619.9,2619.9,2024-03-20 10:03:00 AM,2024-03-20 10:22:00 AM,GL_B,Stop loss,-$9.60,$435.00,$9.60,$0.00,$0.00,$0.00,$0.00,$8.00,$156.00,$165.60,20,
18,MGC 12-26,Backtest,GoldTrendScalperV40,Long,1,2774.2,2776.5,2024-04-05 10:35:00 AM,2024-04-05 10:43:00 AM,GL_B,TP1,$20.60,$455.60,$2.40,$0.00,$0.00,$0.00,$0.00,$51.00,$41.00,$20.40,9,
19,MGC 12-26,Backtest,GoldTrendScalperV40,Long,4,2774.2,2769.1,2024-04-05 10:35:00 AM,2024-04-05 10:54:00 AM,GL_B,Stop loss,-$213.60,$242.00,$9.60,$0.00,$0.00,$0.00,$0.00,$204.00,$164.00,$377.60,20,
20,MGC 12-26,Backtest,GoldTrendScalperV40,Long,5,2790.9,2788.7,2024-04-08 1:36:00 PM,2024-04-08 1:37:00 PM,GL_B,Stop loss,-$122.00,$120.00,$12.00,$0.00,$0.00,$0.00,$0.00,$110.00,$20.00,$142.00,2,
21,MGC 12-26,Backtest,GoldTrendScalperV40,Short,5,2790.8,2784.0,2024-04-10 11:08:00 AM,2024-04-10 11:12:00 AM,GS,FullTake,$328.00,$448.00,$12.00,$0.00,$0.00,$0.00,$0.00,$145.00,$390.00,$62.00,5,
22,MGC 12-26,Backtest,GoldTrendScalperV40,Long,1,2804.8,2807.4,2024-04-11 1:10:00 PM,2024-04-11 1:24:00 PM,GL_B,TP1,$23.60,$471.60,$2.40,$0.00,$0.00,$0.00,$0.00,$12.00,$40.00,$16.40,15,
23,MGC 12-26,Backtest,GoldTrendScalperV40,Long,4,2804.8,2805.2,2024-04-11 1:10:00 PM,2024-04-11 1:35:00 PM,GL_B,Stop loss,$6.40,$478.00,$9.60,$0.00,$0.00,$0.00,$0.00,$48.00,$160.00,$153.60,26,
24,MGC 12-26,Backtest,GoldTrendScalperV40,Short,1,2825.2,2823.2,2024-04-12 12:31:00 PM,2024-04-12 12:32:00 PM,GS,TP1,$17.60,$495.60,$2.40,$0.00,$0.00,$0.00,$0.00,$23.00,$102.00,$84.40,2,
25,MGC 12-26,Backtest,GoldTrendScalperV40,Short,1,2825.2,2820.9,2024-04-12 12:31:00 PM,2024-04-12 12:36:00 PM,GS,TP2,$40.60,$536.20,$2.40,$0.00,$0.00,$0.00,$0.00,$23.00,$102.00,$61.40,6,
26,MGC 12-26,Backtest,GoldTrendScalperV40,Short,3,2825.2,2816.0,2024-04-12 12:31:00 PM,2024-04-12 12:47:00 PM,GS,FullTake,$268.80,$805.00,$7.20,$0.00,$0.00,$0.00,$0.00,$69.00,$306.00,$37.20,17,
27,MGC 12-26,Backtest,GoldTrendScalperV40,Long,1,2835.4,2838.1,2024-04-16 11:03:00 AM,2024-04-16 11:04:00 AM,GL_B,TP1,$24.60,$829.60,$2.40,$0.00,$0.00,$0.00,$0.00,$1.00,$82.00,$57.40,2,
28,MGC 12-26,Backtest,GoldTrendScalperV40,Long,1,2835.4,2842.4,2024-04-16 11:03:00 AM,2024-04-16 11:09:00 AM,GL_B,TP2,$67.60,$897.20,$2.40,$0.00,$0.00,$0.00,$0.00,$1.00,$82.00,$14.40,7,
29,MGC 12-26,Backtest,GoldTrendScalperV40,Long,1,2835.4,2842.4,2024-04-16 11:03:00 AM,2024-04-16 11:09:00 AM,GL_B,TP3,$67.60,$964.80,$2.40,$0.00,$0.00,$0.00,$0.00,$1.00,$82.00,$14.40,7,
30,MGC 12-26,Backtest,GoldTrendScalperV40,Long,2,2835.4,2837.0,2024-04-16 11:03:00 AM,2024-04-16 11:14:00 AM,GL_B,Stop loss,$27.20,$992.00,$4.80,$0.00,$0.00,$0.00,$0.00,$2.00,$164.00,$136.80,12,
31,MGC 12-26,Backtest,GoldTrendScalperV40,Short,1,2821.2,2818.1,2024-04-17 12:39:00 PM,2024-04-17 12:45:00 PM,GS,TP1,$28.60,$1020.60,$2.40,$0.00,$0.00,$0.00,$0.00,$11.00,$106.00,$77.40,7,
32,MGC 12-26,Backtest,GoldTrendScalperV40,Short,1,2821.2,2815.8,2024-04-17 12:39:00 PM,2024-04-17 12:46:00 PM,GS,TP2,$51.60,$1072.20,$2.40,$0.00,$0.00,$0.00,$0.00,$11.00,$106.00,$54.40,8,
33,MGC 12-26,Backtest,GoldTrendScalperV40,Short,3,2821.2,2812.8,2024-04-17 12:39:00 PM,2024-04-17 12:47:00 PM,GS,FullTake,$244.80,$1317.00,$7.20,$0.00,$0.00,$0.00,$0.00,$33.00,$318.00,$73.20,9,
34,MGC 12-26,Backtest,GoldTrendScalperV40,Long,5,2849.8,2847.6,2024-04-19 1:02:00 PM,2024-04-19 1:06:00 PM,GL_B,Stop loss,-$122.00,$1195.00,$12.00,$0.00,$0.00,$0.00,$0.00,$110.00,$65.00,$187.00,5,
35,MGC 12-26,Backtest,GoldTrendScalperV40,Short,1,2765.1,2761.9,2024-04-23 10:45:00 AM,2024-04-23 10:50:00 AM,GS,TP1,$29.60,$1224.60,$2.40,$0.00,$0.00,$0.00,$0.00,$16.00,$32.00,$2.40,6,
36,MGC 12-26,Backtest,GoldTrendScalperV40,Short,4,2765.1,2765.1,2024-04-23 10:45:00 AM,2024-04-23 10:50:00 AM,GS,Stop loss,-$9.60,$1215.00,$9.60,$0.00,$0.00,$0.00,$0.00,$64.00,$128.00,$137.60,6,
37,MGC 12-26,Backtest,GoldTrendScalperV40,Long,1,2780.6,2783.8,2024-04-24 11:02:00 AM,2024-04-24 11:05:00 AM,GL_B,TP1,$29.60,$1244.60,$2.40,$0.00,$0.00,$0.00,$0.00,$0.00,$42.00,$12.40,4,
38,MGC 12-26,Backtest,GoldTrendScalperV40,Long,4,2780.6,2780.6,2024-04-24 11:02:00 AM,2024-04-24 11:10:00 AM,GL_B,Stop loss,-$9.60,$1235.00,$9.60,$0.00,$0.00,$0.00,$0.00,$0.00,$168.00,$177.60,9,
39,MGC 12-26,Backtest,GoldTrendScalperV40,Long,1,2787.1,2789.5,2024-04-25 10:37:00 AM,2024-04-25 10:40:00 AM,GL_B,TP1,$21.60,$1256.60,$2.40,$0.00,$0.00,$0.00,$0.00,$50.00,$44.00,$22.40,4,
40,MGC 12-26,Backtest,GoldTrendScalperV40,Long,4,2787.1,2782.1,2024-04-25 10:37:00 AM,2024-04-25 10:55:00 AM,GL_B,Stop loss,-$209.60,$1047.00,$9.60,$0.00,$0.00,$0.00,$0.00,$200.00,$176.00,$385.60,19,
41,MGC 12-26,Backtest,GoldTrendScalperV40,Long,1,2771.2,2773.4,2024-05-09 10:10:00 AM,2024-05-09 10:15:00 AM,GL_B,TP1,$19.60,$1066.60,$2.40,$0.00,$0.00,$0.00,$0.00,$3.00,$85.00,$65.40,6,
42,MGC 12-26,Backtest,GoldTrendScalperV40,Long,1,2771.2,2777.2,2024-05-09 10:10:00 AM,2024-05-09 10:22:00 AM,GL_B,TP2,$57.60,$1124.20,$2.40,$0.00,$0.00,$0.00,$0.00,$3.00,$85.00,$27.40,13,
43,MGC 12-26,Backtest,GoldTrendScalperV40,Long,1,2771.2,2778.4,2024-05-09 10:10:00 AM,2024-05-09 10:27:00 AM,GL_B,TP3,$69.60,$1193.80,$2.40,$0.00,$0.00,$0.00,$0.00,$3.00,$85.00,$15.40,18,
44,MGC 12-26,Backtest,GoldTrendScalperV40,Long,2,2771.2,2774.0,2024-05-09 10:10:00 AM,2024-05-09 10:33:00 AM,GL_B,Stop loss,$51.20,$1245.00,$4.80,$0.00,$0.00,$0.00,$0.00,$6.00,$170.00,$118.80,24,
45,MGC 12-26,Backtest,GoldTrendScalperV40,Long,5,2824.7,2821.7,2024-05-15 11:23:00 AM,2024-05-15 11:36:00 AM,GL_B,Stop loss,-$162.00,$1083.00,$12.00,$0.00,$0.00,$0.00,$0.00,$150.00,$45.00,$207.00,14,
46,MGC 12-26,Backtest,GoldTrendScalperV40,Long,1,2850.7,2853.5,2024-05-17 10:52:00 AM,2024-05-17 10:56:00 AM,GL_B,TP1,$25.60,$1108.60,$2.40,$0.00,$0.00,$0.00,$0.00,$12.00,$70.00,$44.40,5,
47,MGC 12-26,Backtest,GoldTrendScalperV40,Long,1,2850.7,2855.8,2024-05-17 10:52:00 AM,2024-05-17 11:04:00 AM,GL_B,TP2,$48.60,$1157.20,$2.40,$0.00,$0.00,$0.00,$0.00,$12.00,$70.00,$21.40,13,
48,MGC 12-26,Backtest,GoldTrendScalperV40,Long,3,2850.7,2852.1,2024-05-17 10:52:00 AM,2024-05-17 11:11:00 AM,GL_B,Stop loss,$34.80,$1192.00,$7.20,$0.00,$0.00,$0.00,$0.00,$36.00,$210.00,$175.20,20,
49,MGC 12-26,Backtest,GoldTrendScalperV40,Long,1,2871.6,2873.7,2024-05-20 1:28:00 PM,2024-05-20 1:42:00 PM,GL_B,TP1,$18.60,$1210.60,$2.40,$0.00,$0.00,$0.00,$0.00,$5.00,$33.00,$14.40,15,
50,MGC 12-26,Backtest,GoldTrendScalperV40,Long,4,2871.6,2872.5,2024-05-20 1:28:00 PM,2024-05-20 1:52:00 PM,GL_B,Stop loss,$26.40,$1237.00,$9.60,$0.00,$0.00,$0.00,$0.00,$20.00,$132.00,$105.60,25,
51,MGC 12-26,Backtest,GoldTrendScalperV40,Short,1,2834.6,2830.9,2024-05-22 10:12:00 AM,2024-05-22 10:16:00 AM,GS,TP1,$34.60,$1271.60,$2.40,$0.00,$0.00,$0.00,$0.00,$3.00,$89.00,$54.40,5,
52,MGC 12-26,Backtest,GoldTrendScalperV40,Short,1,2834.6,2829.2,2024-05-22 10:12:00 AM,2024-05-22 10:18:00 AM,GS,TP2,$51.60,$1323.20,$2.40,$0.00,$0.00,$0.00,$0.00,$3.00,$89.00,$37.40,7,
53,MGC 12-26,Backtest,GoldTrendScalperV40,Short,3,2834.6,2826.7,2024-05-22 10:12:00 AM,2024-05-22 10:21:00 AM,GS,FullTake,$229.80,$1553.00,$7.20,$0.00,$0.00,$0.00,$0.00,$9.00,$267.00,$37.20,10,
54,MGC 12-26,Backtest,GoldTrendScalperV40,Short,5,2779.3,2782.2,2024-05-23 10:35:00 AM,2024-05-23 10:36:00 AM,GS,Stop loss,-$157.00,$1396.00,$12.00,$0.00,$0.00,$0.00,$0.00,$145.00,$85.00,$242.00,2,
55,MGC 12-26,Backtest,GoldTrendScalperV40,Long,5,2784.8,2782.8,2024-06-03 1:06:00 PM,2024-06-03 1:11:00 PM,GL_B,Stop loss,-$112.00,$1284.00,$12.00,$0.00,$0.00,$0.00,$0.00,$100.00,$105.00,$217.00,6,
56,MGC 12-26,Backtest,GoldTrendScalperV40,Long,1,2805.5,2807.9,2024-06-06 11:31:00 AM,2024-06-06 11:44:00 AM,GL_B,TP1,$21.60,$1305.60,$2.40,$0.00,$0.00,$0.00,$0.00,$14.00,$37.00,$15.40,14,
57,MGC 12-26,Backtest,GoldTrendScalperV40,Long,4,2805.5,2805.6,2024-06-06 11:31:00 AM,2024-06-06 11:57:00 AM,GL_B,Stop loss,-$5.60,$1300.00,$9.60,$0.00,$0.00,$0.00,$0.00,$56.00,$148.00,$153.60,27,
58,MGC 12-26,Backtest,GoldTrendScalperV40,Short,5,2733.8,2736.7,2024-06-13 10:09:00 AM,2024-06-13 10:21:00 AM,GS,Stop loss,-$157.00,$1143.00,$12.00,$0.00,$0.00,$0.00,$0.00,$145.00,$60.00,$217.00,13,
59,MGC 12-26,Backtest,GoldTrendScalperV40,Long,1,2776.0,2778.6,2024-06-20 10:03:00 AM,2024-06-20 10:09:00 AM,GL_B,TP1,$23.60,$1166.60,$2.40,$0.00,$0.00,$0.00,$0.00,$12.00,$31.00,$7.40,7,
60,MGC 12-26,Backtest,GoldTrendScalperV40,Long,4,2776.0,2776.0,2024-06-20 10:03:00 AM,2024-06-20 10:12:00 AM,GL_B,Stop loss,-$9.60,$1157.00,$9.60,$0.00,$0.00,$0.00,$0.00,$48.00,$124.00,$133.60,10,
61,MGC 12-26,Backtest,GoldTrendScalperV40,Long,5,2783.2,2780.0,2024-06-20 10:23:00 AM,2024-06-20 10:26:00 AM,GL_B,Stop loss,-$172.00,$985.00,$12.00,$0.00,$0.00,$0.00,$0.00,$160.00,$60.00,$232.00,4,
62,MGC 12-26,Backtest,GoldTrendScalperV40,Long,5,2807.9,2805.8,2024-07-05 11:35:00 AM,2024-07-05 11:38:00 AM,GL_B,Stop loss,-$117.00,$868.00,$12.00,$0.00,$0.00,$0.00,$0.00,$105.00,$5.00,$122.00,4,
63,MGC 12-26,Backtest,GoldTrendScalperV40,Short,1,2773.0,2771.1,2024-07-08 11:50:00 AM,2024-07-08 12:04:00 PM,GS,TP1,$16.60,$884.60,$2.40,$0.00,$0.00,$0.00,$0.00,$23.00,$33.00,$16.40,15,
64,MGC 12-26,Backtest,GoldTrendScalperV40,Short,4,2773.0,2773.0,2024-07-08 11:50:00 AM,2024-07-08 12:09:00 PM,GS,Stop loss,-$9.60,$875.00,$9.60,$0.00,$0.00,$0.00,$0.00,$92.00,$132.00,$141.60,20,
65,MGC 12-26,Backtest,GoldTrendScalperV40,Long,1,2843.5,2846.1,2024-07-15 10:53:00 AM,2024-07-15 10:55:00 AM,GL_B,TP1,$23.60,$898.60,$2.40,$0.00,$0.00,$0.00,$0.00,$5.00,$91.00,$67.40,3,
66,MGC 12-26,Backtest,GoldTrendScalperV40,Long,1,2843.5,2848.9,2024-07-15 10:53:00 AM,2024-07-15 11:02:00 AM,GL_B,TP2,$51.60,$950.20,$2.40,$0.00,$0.00,$0.00,$0.00,$5.00,$91.00,$39.40,10,
67,MGC 12-26,Backtest,GoldTrendScalperV40,Long,1,2843.5,2851.5,2024-07-15 10:53:00 AM,2024-07-15 11:08:00 AM,GL_B,TP3,$77.60,$1027.80,$2.40,$0.00,$0.00,$0.00,$0.00,$5.00,$91.00,$13.40,16,
68,MGC 12-26,Backtest,GoldTrendScalperV40,Long,2,2843.5,2847.9,2024-07-15 10:53:00 AM,2024-07-15 11:18:00 AM,GL_B,Stop loss,$83.20,$1111.00,$4.80,$0.00,$0.00,$0.00,$0.00,$10.00,$182.00,$98.80,26,
69,MGC 12-26,Backtest,GoldTrendScalperV40,Long,5,2873.6,2871.1,2024-07-16 11:09:00 AM,2024-07-16 11:11:00 AM,GL_B,Stop loss,-$137.00,$974.00,$12.00,$0.00,$0.00,$0.00,$0.00,$125.00,$20.00,$157.00,3,
70,MGC 12-26,Backtest,GoldTrendScalperV40,Long,5,2878.5,2875.6,2024-07-16 11:25:00 AM,2024-07-16 11:27:00 AM,GL_B,Stop loss,-$157.00,$817.00,$12.00,$0.00,$0.00,$0.00,$0.00,$145.00,$0.00,$157.00,3,
71,MGC 12-26,Backtest,GoldTrendScalperV40,Long,5,2799.7,2796.6,2024-07-26 10:13:00 AM,2024-07-26 10:26:00 AM,GL_B,Stop loss,-$167.00,$650.00,$12.00,$0.00,$0.00,$0.00,$0.00,$155.00,$105.00,$272.00,14,
72,MGC 12-26,Backtest,GoldTrendScalperV40,Long,5,2812.2,2820.2,2024-07-30 1:02:00 PM,2024-07-30 1:03:00 PM,GL_B,FullTake,$388.00,$1038.00,$12.00,$0.00,$0.00,$0.00,$0.00,$5.00,$420.00,$32.00,2,
73,MGC 12-26,Backtest,GoldTrendScalperV40,Short,1,2832.6,2829.0,2024-08-02 11:09:00 AM,2024-08-02 11:12:00 AM,GS,TP1,$33.60,$1071.60,$2.40,$0.00,$0.00,$0.00,$0.00,$23.00,$114.00,$80.40,4,
74,MGC 12-26,Backtest,GoldTrendScalperV40,Short,1,2832.6,2826.8,2024-08-02 11:09:00 AM,2024-08-02 11:14:00 AM,GS,TP2,$55.60,$1127.20,$2.40,$0.00,$0.00,$0.00,$0.00,$23.00,$114.00,$58.40,6,
75,MGC 12-26,Backtest,GoldTrendScalperV40,Short,1,2832.6,2826.8,2024-08-02 11:09:00 AM,2024-08-02 11:14:00 AM,GS,TP3,$55.60,$1182.80,$2.40,$0.00,$0.00,$0.00,$0.00,$23.00,$114.00,$58.40,6,
76,MGC 12-26,Backtest,GoldTrendScalperV40,Short,2,2832.6,2821.4,2024-08-02 11:09:00 AM,2024-08-02 11:15:00 AM,GS,FullTake,$219.20,$1402.00,$4.80,$0.00,$0.00,$0.00,$0.00,$46.00,$228.00,$8.80,7,
77,MGC 12-26,Backtest,GoldTrendScalperV40,Long,5,2836.6,2833.9,2024-08-09 10:22:00 AM,2024-08-09 10:27:00 AM,GL_B,Stop loss,-$147.00,$1255.00,$12.00,$0.00,$0.00,$0.00,$0.00,$135.00,$55.00,$202.00,6,
78,MGC 12-26,Backtest,GoldTrendScalperV40,Short,1,2876.5,2873.5,2024-08-22 10:16:00 AM,2024-08-22 10:23:00 AM,GS,TP1,$27.60,$1282.60,$2.40,$0.00,$0.00,$0.00,$0.00,$26.00,$51.00,$23.40,8,
79,MGC 12-26,Backtest,GoldTrendScalperV40,Short,1,2876.5,2872.0,2024-08-22 10:16:00 AM,2024-08-22 10:24:00 AM,GS,TP2,$42.60,$1325.20,$2.40,$0.00,$0.00,$0.00,$0.00,$26.00,$51.00,$8.40,9,
80,MGC 12-26,Backtest,GoldTrendScalperV40,Short,3,2876.5,2876.5,2024-08-22 10:16:00 AM,2024-08-22 10:26:00 AM,GS,Stop loss,-$7.20,$1318.00,$7.20,$0.00,$0.00,$0.00,$0.00,$78.00,$153.00,$160.20,11,
81,MGC 12-26,Backtest,GoldTrendScalperV40,Long,1,2913.6,2916.6,2024-08-23 10:07:00 AM,2024-08-23 10:08:00 AM,GL_B,TP1,$27.60,$1345.60,$2.40,$0.00,$0.00,$0.00,$0.00,$2.00,$57.00,$29.40,2,
82,MGC 12-26,Backtest,GoldTrendScalperV40,Long,1,2913.6,2918.7,2024-08-23 10:07:00 AM,2024-08-23 10:12:00 AM,GL_B,TP2,$48.60,$1394.20,$2.40,$0.00,$0.00,$0.00,$0.00,$2.00,$57.00,$8.40,6,
83,MGC 12-26,Backtest,GoldTrendScalperV40,Long,3,2913.6,2913.6,2024-08-23 10:07:00 AM,2024-08-23 10:17:00 AM,GL_B,Stop loss,-$7.20,$1387.00,$7.20,$0.00,$0.00,$0.00,$0.00,$6.00,$171.00,$178.20,11,
84,MGC 12-26,Backtest,GoldTrendScalperV40,Short,5,2885.1,2887.7,2024-09-06 12:24:00 PM,2024-09-06 12:25:00 PM,GS,Stop loss,-$142.00,$1245.00,$12.00,$0.00,$0.00,$0.00,$0.00,$130.00,$70.00,$212.00,2,
85,MGC 12-26,Backtest,GoldTrendScalperV40,Long,5,2911.9,2909.8,2024-09-10 11:37:00 AM,2024-09-10 11:38:00 AM,GL_B,Stop loss,-$117.00,$1128.00,$12.00,$0.00,$0.00,$0.00,$0.00,$105.00,$35.00,$152.00,2,
86,MGC 12-26,Backtest,GoldTrendScalperV40,Long,5,3036.4,3034.1,2024-09-24 10:55:00 AM,2024-09-24 10:57:00 AM,GL_B,Stop loss,-$127.00,$1001.00,$12.00,$0.00,$0.00,$0.00,$0.00,$115.00,$35.00,$162.00,3,
87,MGC 12-26,Backtest,GoldTrendScalperV40,Long,5,3050.8,3049.2,2024-09-25 1:32:00 PM,2024-09-25 2:01:00 PM,GL_B,Stop loss,-$92.00,$909.00,$12.00,$0.00,$0.00,$0.00,$0.00,$80.00,$85.00,$177.00,30,
88,MGC 12-26,Backtest,GoldTrendScalperV40,Long,1,3048.9,3051.9,2024-10-04 11:06:00 AM,2024-10-04 11:08:00 AM,GL_B,TP1,$27.60,$936.60,$2.40,$0.00,$0.00,$0.00,$0.00,$0.00,$66.00,$38.40,3,
89,MGC 12-26,Backtest,GoldTrendScalperV40,Long,1,3048.9,3054.4,2024-10-04 11:06:00 AM,2024-10-04 11:14:00 AM,GL_B,TP2,$52.60,$989.20,$2.40,$0.00,$0.00,$0.00,$0.00,$0.00,$66.00,$13.40,9,
90,MGC 12-26,Backtest,GoldTrendScalperV40,Long,3,3048.9,3049.3,2024-10-04 11:06:00 AM,2024-10-04 11:21:00 AM,GL_B,Stop loss,$4.80,$994.00,$7.20,$0.00,$0.00,$0.00,$0.00,$0.00,$198.00,$193.20,16,
91,MGC 12-26,Backtest,GoldTrendScalperV40,Short,1,3013.0,3009.6,2024-10-08 10:29:00 AM,2024-10-08 10:32:00 AM,GS,TP1,$31.60,$1025.60,$2.40,$0.00,$0.00,$0.00,$0.00,$9.00,$90.00,$58.40,4,
92,MGC 12-26,Backtest,GoldTrendScalperV40,Short,1,3013.0,3008.2,2024-10-08 10:29:00 AM,2024-10-08 10:36:00 AM,GS,TP2,$45.60,$1071.20,$2.40,$0.00,$0.00,$0.00,$0.00,$9.00,$90.00,$44.40,8,
93,MGC 12-26,Backtest,GoldTrendScalperV40,Short,3,3013.0,3004.5,2024-10-08 10:29:00 AM,2024-10-08 10:38:00 AM,GS,FullTake,$247.80,$1319.00,$7.20,$0.00,$0.00,$0.00,$0.00,$27.00,$270.00,$22.20,10,
94,MGC 12-26,Backtest,GoldTrendScalperV40,Long,5,3008.3,3006.6,2024-10-10 1:38:00 PM,2024-10-10 1:53:00 PM,GL_B,Stop loss,-$97.00,$1222.00,$12.00,$0.00,$0.00,$0.00,$0.00,$85.00,$10.00,$107.00,16,
95,MGC 12-26,Backtest,GoldTrendScalperV40,Short,5,3103.7,3106.7,2024-10-23 10:21:00 AM,2024-10-23 10:22:00 AM,GS,Stop loss,-$162.00,$1060.00,$12.00,$0.00,$0.00,$0.00,$0.00,$150.00,$5.00,$167.00,2,
96,MGC 12-26,Backtest,GoldTrendScalperV40,Short,1,3098.2,3096.1,2024-10-23 10:38:00 AM,2024-10-23 10:43:00 AM,GS,TP1,$18.60,$1078.60,$2.40,$0.00,$0.00,$0.00,$0.00,$20.00,$115.00,$96.40,6,
97,MGC 12-26,Backtest,GoldTrendScalperV40,Short,1,3098.2,3093.9,2024-10-23 10:38:00 AM,2024-10-23 11:12:00 AM,GS,TP2,$40.60,$1119.20,$2.40,$0.00,$0.00,$0.00,$0.00,$20.00,$115.00,$74.40,35,
98,MGC 12-26,Backtest,GoldTrendScalperV40,Short,1,3098.2,3090.7,2024-10-23 10:38:00 AM,2024-10-23 11:15:00 AM,GS,TP3,$72.60,$1191.80,$2.40,$0.00,$0.00,$0.00,$0.00,$20.00,$115.00,$42.40,38,
99,MGC 12-26,Backtest,GoldTrendScalperV40,Short,2,3098.2,3089.0,2024-10-23 10:38:00 AM,2024-10-23 11:23:00 AM,GS,FullTake,$179.20,$1371.00,$4.80,$0.00,$0.00,$0.00,$0.00,$40.00,$230.00,$50.80,46,
100,MGC 12-26,Backtest,GoldTrendScalperV40,Long,1,3160.9,3163.1,2024-10-30 11:41:00 AM,2024-10-30 12:07:00 PM,GL_B,TP1,$19.60,$1390.60,$2.40,$0.00,$0.00,$0.00,$0.00,$13.00,$27.00,$7.40,27,
101,MGC 12-26,Backtest,GoldTrendScalperV40,Long,4,3160.9,3160.9,2024-10-30 11:41:00 AM,2024-10-30 12:13:00 PM,GL_B,Stop loss,-$9.60,$1381.00,$9.60,$0.00,$0.00,$0.00,$0.00,$52.00,$108.00,$117.60,33,
102,MGC 12-26,Backtest,GoldTrendScalperV40,Short,1,3127.2,3124.4,2024-10-31 10:03:00 AM,2024-10-31 10:07:00 AM,GS,TP1,$25.60,$1406.60,$2.40,$0.00,$0.00,$0.00,$0.00,$10.00,$37.00,$11.40,5,
103,MGC 12-26,Backtest,GoldTrendScalperV40,Short,4,3127.2,3127.2,2024-10-31 10:03:00 AM,2024-10-31 10:09:00 AM,GS,Stop loss,-$9.60,$1397.00,$9.60,$0.00,$0.00,$0.00,$0.00,$40.00,$148.00,$157.60,7,
104,MGC 12-26,Backtest,GoldTrendScalperV40,Short,1,3116.5,3112.4,2024-10-31 10:46:00 AM,2024-10-31 10:49:00 AM,GS,TP1,$38.60,$1435.60,$2.40,$0.00,$0.00,$0.00,$0.00,$7.00,$43.00,$4.40,4,
105,MGC 12-26,Backtest,GoldTrendScalperV40,Short,1,3116.5,3112.4,2024-10-31 10:46:00 AM,2024-10-31 10:49:00 AM,GS,TP2,$38.60,$1474.20,$2.40,$0.00,$0.00,$0.00,$0.00,$7.00,$43.00,$4.40,4,
106,MGC 12-26,Backtest,GoldTrendScalperV40,Short,3,3116.5,3116.5,2024-10-31 10:46:00 AM,2024-10-31 10:55:00 AM,GS,Stop loss,-$7.20,$1467.00,$7.20,$0.00,$0.00,$0.00,$0.00,$21.00,$129.00,$136.20,10,
107,MGC 12-26,Backtest,GoldTrendScalperV40,Long,1,3087.5,3090.3,2024-12-11 10:05:00 AM,2024-12-11 10:10:00 AM,GL_B,TP1,$25.60,$1492.60,$2.40,$0.00,$0.00,$0.00,$0.00,$2.00,$109.00,$83.40,6,
108,MGC 12-26,Backtest,GoldTrendScalperV40,Long,1,3087.5,3092.7,2024-12-11 10:05:00 AM,2024-12-11 10:14:00 AM,GL_B,TP2,$49.60,$1542.20,$2.40,$0.00,$0.00,$0.00,$0.00,$2.00,$109.00,$59.40,10,
109,MGC 12-26,Backtest,GoldTrendScalperV40,Long,1,3087.5,3094.8,2024-12-11 10:05:00 AM,2024-12-11 10:34:00 AM,GL_B,TP3,$70.60,$1612.80,$2.40,$0.00,$0.00,$0.00,$0.00,$2.00,$109.00,$38.40,30,
110,MGC 12-26,Backtest,GoldTrendScalperV40,Long,2,3087.5,3098.3,2024-12-11 10:05:00 AM,2024-12-11 10:42:00 AM,GL_B,FullTake,$211.20,$1824.00,$4.80,$0.00,$0.00,$0.00,$0.00,$4.00,$218.00,$6.80,38,
111,MGC 12-26,Backtest,GoldTrendScalperV40,Long,1,2984.1,2985.8,2024-12-20 10:24:00 AM,2024-12-20 10:34:00 AM,GL_B,TP1,$14.60,$1838.60,$2.40,$0.00,$0.00,$0.00,$0.00,$22.00,$98.00,$83.40,11,
112,MGC 12-26,Backtest,GoldTrendScalperV40,Long,1,2984.1,2989.3,2024-12-20 10:24:00 AM,2024-12-20 10:51:00 AM,GL_B,TP2,$49.60,$1888.20,$2.40,$0.00,$0.00,$0.00,$0.00,$22.00,$98.00,$48.40,28,
113,MGC 12-26,Backtest,GoldTrendScalperV40,Long,1,2984.1,2992.1,2024-12-20 10:24:00 AM,2024-12-20 10:57:00 AM,GL_B,TP3,$77.60,$1965.80,$2.40,$0.00,$0.00,$0.00,$0.00,$22.00,$98.00,$20.40,34,
114,MGC 12-26,Backtest,GoldTrendScalperV40,Long,2,2984.1,2989.7,2024-12-20 10:24:00 AM,2024-12-20 11:10:00 AM,GL_B,Stop loss,$107.20,$2073.00,$4.80,$0.00,$0.00,$0.00,$0.00,$44.00,$196.00,$88.80,47,
115,MGC 12-26,Backtest,GoldTrendScalperV40,Long,1,2989.8,2991.8,2024-12-26 10:10:00 AM,2024-12-26 10:15:00 AM,GL_B,TP1,$17.60,$2090.60,$2.40,$0.00,$0.00,$0.00,$0.00,$0.00,$59.00,$41.40,6,
116,MGC 12-26,Backtest,GoldTrendScalperV40,Long,1,2989.8,2995.0,2024-12-26 10:10:00 AM,2024-12-26 10:52:00 AM,GL_B,TP2,$49.60,$2140.20,$2.40,$0.00,$0.00,$0.00,$0.00,$0.00,$59.00,$9.40,43,
117,MGC 12-26,Backtest,GoldTrendScalperV40,Long,3,2989.8,2993.4,2024-12-26 10:10:00 AM,2024-12-26 10:59:00 AM,GL_B,Stop loss,$100.80,$2241.00,$7.20,$0.00,$0.00,$0.00,$0.00,$0.00,$177.00,$76.20,50,
118,MGC 12-26,Backtest,GoldTrendScalperV40,Long,1,2973.9,2976.8,2024-12-31 10:34:00 AM,2024-12-31 10:37:00 AM,GL_B,TP1,$26.60,$2267.60,$2.40,$0.00,$0.00,$0.00,$0.00,$0.00,$53.00,$26.40,4,
119,MGC 12-26,Backtest,GoldTrendScalperV40,Long,1,2973.9,2978.8,2024-12-31 10:34:00 AM,2024-12-31 10:43:00 AM,GL_B,TP2,$46.60,$2314.20,$2.40,$0.00,$0.00,$0.00,$0.00,$0.00,$53.00,$6.40,10,
120,MGC 12-26,Backtest,GoldTrendScalperV40,Long,3,2973.9,2976.1,2024-12-31 10:34:00 AM,2024-12-31 10:47:00 AM,GL_B,Stop loss,$58.80,$2373.00,$7.20,$0.00,$0.00,$0.00,$0.00,$0.00,$159.00,$100.20,14,
121,MGC 12-26,Backtest,GoldTrendScalperV40,Long,5,3090.0,3087.3,2025-01-17 10:07:00 AM,2025-01-17 10:14:00 AM,GL_B,Stop loss,-$147.00,$2226.00,$12.00,$0.00,$0.00,$0.00,$0.00,$135.00,$20.00,$167.00,8,
122,MGC 12-26,Backtest,GoldTrendScalperV40,Long,5,3163.5,3160.7,2025-01-30 10:53:00 AM,2025-01-30 10:58:00 AM,GL_B,Stop loss,-$152.00,$2074.00,$12.00,$0.00,$0.00,$0.00,$0.00,$140.00,$60.00,$212.00,6,
123,MGC 12-26,Backtest,GoldTrendScalperV40,Long,5,3165.7,3162.5,2025-01-30 11:02:00 AM,2025-01-30 11:03:00 AM,GL_B,Stop loss,-$172.00,$1902.00,$12.00,$0.00,$0.00,$0.00,$0.00,$160.00,$20.00,$192.00,2,
124,MGC 12-26,Backtest,GoldTrendScalperV40,Short,1,3148.2,3146.2,2025-01-31 1:31:00 PM,2025-01-31 1:33:00 PM,GS,TP1,$17.60,$1919.60,$2.40,$0.00,$0.00,$0.00,$0.00,$3.00,$41.00,$23.40,3,
125,MGC 12-26,Backtest,GoldTrendScalperV40,Short,4,3148.2,3148.2,2025-01-31 1:31:00 PM,2025-01-31 1:36:00 PM,GS,Stop loss,-$9.60,$1910.00,$9.60,$0.00,$0.00,$0.00,$0.00,$12.00,$164.00,$173.60,6,
126,MGC 12-26,Backtest,GoldTrendScalperV40,Short,5,3231.2,3233.9,2025-02-11 10:05:00 AM,2025-02-11 10:07:00 AM,GS,Stop loss,-$147.00,$1763.00,$12.00,$0.00,$0.00,$0.00,$0.00,$135.00,$25.00,$172.00,3,
127,MGC 12-26,Backtest,GoldTrendScalperV40,Short,1,3249.4,3247.1,2025-02-14 10:04:00 AM,2025-02-14 10:08:00 AM,GS,TP1,$20.60,$1783.60,$2.40,$0.00,$0.00,$0.00,$0.00,$20.00,$89.00,$68.40,5,
128,MGC 12-26,Backtest,GoldTrendScalperV40,Short,1,3249.4,3243.0,2025-02-14 10:04:00 AM,2025-02-14 10:15:00 AM,GS,TP2,$61.60,$1845.20,$2.40,$0.00,$0.00,$0.00,$0.00,$20.00,$89.00,$27.40,12,
129,MGC 12-26,Backtest,GoldTrendScalperV40,Short,1,3249.4,3243.0,2025-02-14 10:04:00 AM,2025-02-14 10:15:00 AM,GS,TP3,$61.60,$1906.80,$2.40,$0.00,$0.00,$0.00,$0.00,$20.00,$89.00,$27.40,12,
130,MGC 12-26,Backtest,GoldTrendScalperV40,Short,2,3249.4,3240.7,2025-02-14 10:04:00 AM,2025-02-14 10:18:00 AM,GS,FullTake,$169.20,$2076.00,$4.80,$0.00,$0.00,$0.00,$0.00,$40.00,$178.00,$8.80,15,
131,MGC 12-26,Backtest,GoldTrendScalperV40,Short,5,3248.8,3251.4,2025-02-21 10:27:00 AM,2025-02-21 10:29:00 AM,GS,Stop loss,-$142.00,$1934.00,$12.00,$0.00,$0.00,$0.00,$0.00,$130.00,$45.00,$187.00,3,
132,MGC 12-26,Backtest,GoldTrendScalperV40,Short,1,3246.8,3241.1,2025-02-25 10:19:00 AM,2025-02-25 10:23:00 AM,GS,TP1,$54.60,$1988.60,$2.40,$0.00,$0.00,$0.00,$0.00,$12.00,$136.00,$81.40,5,
133,MGC 12-26,Backtest,GoldTrendScalperV40,Short,1,3246.8,3241.1,2025-02-25 10:19:00 AM,2025-02-25 10:23:00 AM,GS,TP2,$54.60,$2043.20,$2.40,$0.00,$0.00,$0.00,$0.00,$12.00,$136.00,$81.40,5,
134,MGC 12-26,Backtest,GoldTrendScalperV40,Short,1,3246.8,3240.9,2025-02-25 10:19:00 AM,2025-02-25 10:25:00 AM,GS,TP3,$56.60,$2099.80,$2.40,$0.00,$0.00,$0.00,$0.00,$12.00,$136.00,$79.40,7,
135,MGC 12-26,Backtest,GoldTrendScalperV40,Short,2,3246.8,3233.3,2025-02-25 10:19:00 AM,2025-02-25 10:26:00 AM,GS,FullTake,$265.20,$2365.00,$4.80,$0.00,$0.00,$0.00,$0.00,$24.00,$272.00,$6.80,8,
136,MGC 12-26,Backtest,GoldTrendScalperV40,Long,5,3247.1,3244.5,2025-03-12 11:13:00 AM,2025-03-12 11:19:00 AM,GL_B,Stop loss,-$142.00,$2223.00,$12.00,$0.00,$0.00,$0.00,$0.00,$130.00,$70.00,$212.00,7,
137,MGC 12-26,Backtest,GoldTrendScalperV40,Long,1,3285.2,3289.3,2025-03-13 10:43:00 AM,2025-03-13 10:46:00 AM,GL_B,TP1,$38.60,$2261.60,$2.40,$0.00,$0.00,$0.00,$0.00,$8.00,$114.00,$75.40,4,
138,MGC 12-26,Backtest,GoldTrendScalperV40,Long,1,3285.2,3289.3,2025-03-13 10:43:00 AM,2025-03-13 10:46:00 AM,GL_B,TP2,$38.60,$2300.20,$2.40,$0.00,$0.00,$0.00,$0.00,$8.00,$114.00,$75.40,4,
139,MGC 12-26,Backtest,GoldTrendScalperV40,Long,1,3285.2,3293.1,2025-03-13 10:43:00 AM,2025-03-13 10:50:00 AM,GL_B,TP3,$76.60,$2376.80,$2.40,$0.00,$0.00,$0.00,$0.00,$8.00,$114.00,$37.40,8,
140,MGC 12-26,Backtest,GoldTrendScalperV40,Long,2,3285.2,3296.6,2025-03-13 10:43:00 AM,2025-03-13 10:51:00 AM,GL_B,Profit target,$223.20,$2600.00,$4.80,$0.00,$0.00,$0.00,$0.00,$16.00,$228.00,$4.80,9,
141,MGC 12-26,Backtest,GoldTrendScalperV40,Long,5,3319.4,3316.8,2025-03-17 10:32:00 AM,2025-03-17 10:35:00 AM,GL_B,Stop loss,-$142.00,$2458.00,$12.00,$0.00,$0.00,$0.00,$0.00,$130.00,$20.00,$162.00,4,
142,MGC 12-26,Backtest,GoldTrendScalperV40,Short,5,3317.0,3320.6,2025-03-21 10:11:00 AM,2025-03-21 10:12:00 AM,GS,Stop loss,-$192.00,$2266.00,$12.00,$0.00,$0.00,$0.00,$0.00,$180.00,$5.00,$197.00,2,
143,MGC 12-26,Backtest,GoldTrendScalperV40,Long,1,3372.2,3374.0,2025-03-27 10:21:00 AM,2025-03-27 10:35:00 AM,GL_B,TP1,$15.60,$2281.60,$2.40,$0.00,$0.00,$0.00,$0.00,$19.00,$108.00,$92.40,15,
144,MGC 12-26,Backtest,GoldTrendScalperV40,Long,1,3372.2,3379.7,2025-03-27 10:21:00 AM,2025-03-27 10:41:00 AM,GL_B,TP2,$72.60,$2354.20,$2.40,$0.00,$0.00,$0.00,$0.00,$19.00,$108.00,$35.40,21,
145,MGC 12-26,Backtest,GoldTrendScalperV40,Long,1,3372.2,3379.7,2025-03-27 10:21:00 AM,2025-03-27 10:41:00 AM,GL_B,TP3,$72.60,$2426.80,$2.40,$0.00,$0.00,$0.00,$0.00,$19.00,$108.00,$35.40,21,
146,MGC 12-26,Backtest,GoldTrendScalperV40,Long,2,3372.2,3382.0,2025-03-27 10:21:00 AM,2025-03-27 10:47:00 AM,GL_B,FullTake,$191.20,$2618.00,$4.80,$0.00,$0.00,$0.00,$0.00,$38.00,$216.00,$24.80,27,
147,MGC 12-26,Backtest,GoldTrendScalperV40,Short,5,3422.7,3425.6,2025-04-01 12:08:00 PM,2025-04-01 12:09:00 PM,GS,Stop loss,-$157.00,$2461.00,$12.00,$0.00,$0.00,$0.00,$0.00,$145.00,$35.00,$192.00,2,
148,MGC 12-26,Backtest,GoldTrendScalperV40,Short,5,3415.5,3418.8,2025-04-01 12:19:00 PM,2025-04-01 12:21:00 PM,GS,Stop loss,-$177.00,$2284.00,$12.00,$0.00,$0.00,$0.00,$0.00,$165.00,$95.00,$272.00,3,
149,MGC 12-26,Backtest,GoldTrendScalperV40,Short,1,3357.6,3355.3,2025-04-04 10:03:00 AM,2025-04-04 10:04:00 AM,GS,TP1,$20.60,$2304.60,$2.40,$0.00,$0.00,$0.00,$0.00,$28.00,$88.00,$67.40,2,
150,MGC 12-26,Backtest,GoldTrendScalperV40,Short,4,3357.6,3350.1,2025-04-04 10:03:00 AM,2025-04-04 10:08:00 AM,GS,FullTake,$290.40,$2595.00,$9.60,$0.00,$0.00,$0.00,$0.00,$112.00,$352.00,$61.60,6,
151,MGC 12-26,Backtest,GoldTrendScalperV40,Short,5,3296.7,3303.1,2025-04-07 10:54:00 AM,2025-04-07 10:58:00 AM,GS,Stop loss,-$332.00,$2263.00,$12.00,$0.00,$0.00,$0.00,$0.00,$320.00,$65.00,$397.00,5,
152,MGC 12-26,Backtest,GoldTrendScalperV40,Short,5,3280.8,3282.2,2025-04-07 11:36:00 AM,2025-04-07 11:39:00 AM,GS,Buy to cover,-$82.00,$2181.00,$12.00,$0.00,$0.00,$0.00,$0.00,$220.00,$25.00,$107.00,4,
153,MGC 12-26,Backtest,GoldTrendScalperV40,Short,1,3280.4,3277.9,2025-04-08 1:03:00 PM,2025-04-08 1:05:00 PM,GS,TP1,$22.60,$2203.60,$2.40,$0.00,$0.00,$0.00,$0.00,$15.00,$70.00,$47.40,3,
154,MGC 12-26,Backtest,GoldTrendScalperV40,Short,1,3280.4,3276.4,2025-04-08 1:03:00 PM,2025-04-08 1:13:00 PM,GS,TP2,$37.60,$2241.20,$2.40,$0.00,$0.00,$0.00,$0.00,$15.00,$70.00,$32.40,11,
155,MGC 12-26,Backtest,GoldTrendScalperV40,Short,3,3280.4,3280.4,2025-04-08 1:03:00 PM,2025-04-08 1:16:00 PM,GS,Stop loss,-$7.20,$2234.00,$7.20,$0.00,$0.00,$0.00,$0.00,$45.00,$210.00,$217.20,14,
156,MGC 12-26,Backtest,GoldTrendScalperV40,Long,5,3471.5,3466.9,2025-04-10 11:30:00 AM,2025-04-10 11:34:00 AM,GL_B,Stop loss,-$242.00,$1992.00,$12.00,$0.00,$0.00,$0.00,$0.00,$230.00,$105.00,$347.00,5,
157,MGC 12-26,Backtest,GoldTrendScalperV40,Long,1,3527.8,3529.8,2025-04-15 1:43:00 PM,2025-04-15 1:48:00 PM,GL_B,TP1,$17.60,$2009.60,$2.40,$0.00,$0.00,$0.00,$0.00,$2.00,$24.00,$6.40,6,
158,MGC 12-26,Backtest,GoldTrendScalperV40,Long,4,3527.8,3527.8,2025-04-15 1:43:00 PM,2025-04-15 1:50:00 PM,GL_B,Stop loss,-$9.60,$2000.00,$9.60,$0.00,$0.00,$0.00,$0.00,$8.00,$96.00,$105.60,8,
159,MGC 12-26,Backtest,GoldTrendScalperV40,Long,1,3621.8,3623.9,2025-04-16 11:43:00 AM,2025-04-16 11:52:00 AM,GL_B,TP1,$18.60,$2018.60,$2.40,$0.00,$0.00,$0.00,$0.00,$15.00,$99.00,$80.40,10,
160,MGC 12-26,Backtest,GoldTrendScalperV40,Long,1,3621.8,3627.2,2025-04-16 11:43:00 AM,2025-04-16 11:56:00 AM,GL_B,TP2,$51.60,$2070.20,$2.40,$0.00,$0.00,$0.00,$0.00,$15.00,$99.00,$47.40,14,
161,MGC 12-26,Backtest,GoldTrendScalperV40,Long,1,3621.8,3630.5,2025-04-16 11:43:00 AM,2025-04-16 12:26:00 PM,GL_B,TP3,$84.60,$2154.80,$2.40,$0.00,$0.00,$0.00,$0.00,$15.00,$99.00,$14.40,44,
162,MGC 12-26,Backtest,GoldTrendScalperV40,Long,2,3621.8,3627.4,2025-04-16 11:43:00 AM,2025-04-16 12:40:00 PM,GL_B,Stop loss,$107.20,$2262.00,$4.80,$0.00,$0.00,$0.00,$0.00,$30.00,$198.00,$90.80,58,
163,MGC 12-26,Backtest,GoldTrendScalperV40,Short,1,3596.7,3592.1,2025-04-17 10:32:00 AM,2025-04-17 10:33:00 AM,GS,TP1,$43.60,$2305.60,$2.40,$0.00,$0.00,$0.00,$0.00,$2.00,$114.00,$70.40,2,
164,MGC 12-26,Backtest,GoldTrendScalperV40,Short,1,3596.7,3592.1,2025-04-17 10:32:00 AM,2025-04-17 10:33:00 AM,GS,TP2,$43.60,$2349.20,$2.40,$0.00,$0.00,$0.00,$0.00,$2.00,$114.00,$70.40,2,
165,MGC 12-26,Backtest,GoldTrendScalperV40,Short,3,3596.7,3586.0,2025-04-17 10:32:00 AM,2025-04-17 10:34:00 AM,GS,FullTake,$313.80,$2663.00,$7.20,$0.00,$0.00,$0.00,$0.00,$6.00,$342.00,$28.20,3,
166,MGC 12-26,Backtest,GoldTrendScalperV40,Short,1,3691.8,3689.1,2025-04-22 12:22:00 PM,2025-04-22 12:23:00 PM,GS,TP1,$24.60,$2687.60,$2.40,$0.00,$0.00,$0.00,$0.00,$32.00,$81.00,$56.40,2,
167,MGC 12-26,Backtest,GoldTrendScalperV40,Short,4,3691.8,3684.7,2025-04-22 12:22:00 PM,2025-04-22 12:28:00 PM,GS,FullTake,$274.40,$2962.00,$9.60,$0.00,$0.00,$0.00,$0.00,$128.00,$324.00,$49.60,7,
168,MGC 12-26,Backtest,GoldTrendScalperV40,Short,1,3681.1,3676.3,2025-04-22 12:30:00 PM,2025-04-22 12:33:00 PM,GS,TP1,$45.60,$3007.60,$2.40,$0.00,$0.00,$0.00,$0.00,$35.00,$86.00,$40.40,4,
169,MGC 12-26,Backtest,GoldTrendScalperV40,Short,1,3681.1,3676.3,2025-04-22 12:30:00 PM,2025-04-22 12:33:00 PM,GS,TP2,$45.60,$3053.20,$2.40,$0.00,$0.00,$0.00,$0.00,$35.00,$86.00,$40.40,4,
170,MGC 12-26,Backtest,GoldTrendScalperV40,Short,3,3681.1,3673.7,2025-04-22 12:30:00 PM,2025-04-22 12:34:00 PM,GS,FullTake,$214.80,$3268.00,$7.20,$0.00,$0.00,$0.00,$0.00,$105.00,$258.00,$43.20,5,
171,MGC 12-26,Backtest,GoldTrendScalperV40,Short,5,3557.3,3565.2,2025-04-23 10:03:00 AM,2025-04-23 10:08:00 AM,GS,Stop loss,-$407.00,$2861.00,$12.00,$0.00,$0.00,$0.00,$0.00,$395.00,$115.00,$522.00,6,
172,MGC 12-26,Backtest,GoldTrendScalperV40,Long,1,3611.3,3614.6,2025-04-28 10:32:00 AM,2025-04-28 10:35:00 AM,GL_B,TP1,$30.60,$2891.60,$2.40,$0.00,$0.00,$0.00,$0.00,$15.00,$119.00,$88.40,4,
173,MGC 12-26,Backtest,GoldTrendScalperV40,Long,1,3611.3,3616.2,2025-04-28 10:32:00 AM,2025-04-28 10:36:00 AM,GL_B,TP2,$46.60,$2938.20,$2.40,$0.00,$0.00,$0.00,$0.00,$15.00,$119.00,$72.40,5,
174,MGC 12-26,Backtest,GoldTrendScalperV40,Long,1,3611.3,3619.3,2025-04-28 10:32:00 AM,2025-04-28 10:39:00 AM,GL_B,TP3,$77.60,$3015.80,$2.40,$0.00,$0.00,$0.00,$0.00,$15.00,$119.00,$41.40,8,
175,MGC 12-26,Backtest,GoldTrendScalperV40,Long,2,3611.3,3621.8,2025-04-28 10:32:00 AM,2025-04-28 10:41:00 AM,GL_B,FullTake,$205.20,$3221.00,$4.80,$0.00,$0.00,$0.00,$0.00,$30.00,$238.00,$32.80,10,
176,MGC 12-26,Backtest,GoldTrendScalperV40,Short,1,3506.4,3504.2,2025-05-01 11:17:00 AM,2025-05-01 11:32:00 AM,GS,TP1,$19.60,$3240.60,$2.40,$0.00,$0.00,$0.00,$0.00,$27.00,$101.00,$81.40,16,
177,MGC 12-26,Backtest,GoldTrendScalperV40,Short,1,3506.4,3500.3,2025-05-01 11:17:00 AM,2025-05-01 11:34:00 AM,GS,TP2,$58.60,$3299.20,$2.40,$0.00,$0.00,$0.00,$0.00,$27.00,$101.00,$42.40,18,
178,MGC 12-26,Backtest,GoldTrendScalperV40,Short,1,3506.4,3500.3,2025-05-01 11:17:00 AM,2025-05-01 11:34:00 AM,GS,TP3,$58.60,$3357.80,$2.40,$0.00,$0.00,$0.00,$0.00,$27.00,$101.00,$42.40,18,
179,MGC 12-26,Backtest,GoldTrendScalperV40,Short,2,3506.4,3497.0,2025-05-01 11:17:00 AM,2025-05-01 11:45:00 AM,GS,FullTake,$183.20,$3541.00,$4.80,$0.00,$0.00,$0.00,$0.00,$54.00,$202.00,$18.80,29,
180,MGC 12-26,Backtest,GoldTrendScalperV40,Short,5,3520.3,3523.9,2025-05-02 12:02:00 PM,2025-05-02 12:04:00 PM,GS,Stop loss,-$192.00,$3349.00,$12.00,$0.00,$0.00,$0.00,$0.00,$180.00,$170.00,$362.00,3,
181,MGC 12-26,Backtest,GoldTrendScalperV40,Short,1,3515.4,3513.1,2025-05-02 12:58:00 PM,2025-05-02 1:00:00 PM,GS,TP1,$20.60,$3369.60,$2.40,$0.00,$0.00,$0.00,$0.00,$26.00,$27.00,$6.40,3,
182,MGC 12-26,Backtest,GoldTrendScalperV40,Short,4,3515.4,3518.0,2025-05-02 12:58:00 PM,2025-05-02 1:07:00 PM,GS,Stop loss,-$113.60,$3256.00,$9.60,$0.00,$0.00,$0.00,$0.00,$104.00,$108.00,$221.60,10,
183,MGC 12-26,Backtest,GoldTrendScalperV40,Long,1,3688.9,3690.8,2025-05-06 11:26:00 AM,2025-05-06 11:35:00 AM,GL_B,TP1,$16.60,$3272.60,$2.40,$0.00,$0.00,$0.00,$0.00,$32.00,$27.00,$10.40,10,
184,MGC 12-26,Backtest,GoldTrendScalperV40,Long,4,3688.9,3685.7,2025-05-06 11:26:00 AM,2025-05-06 11:48:00 AM,GL_B,Stop loss,-$137.60,$3135.00,$9.60,$0.00,$0.00,$0.00,$0.00,$128.00,$108.00,$245.60,23,
185,MGC 12-26,Backtest,GoldTrendScalperV40,Short,1,3671.8,3669.4,2025-05-07 10:20:00 AM,2025-05-07 10:22:00 AM,GS,TP1,$21.60,$3156.60,$2.40,$0.00,$0.00,$0.00,$0.00,$37.00,$51.00,$29.40,3,
186,MGC 12-26,Backtest,GoldTrendScalperV40,Short,4,3671.8,3675.5,2025-05-07 10:20:00 AM,2025-05-07 10:25:00 AM,GS,Stop loss,-$157.60,$2999.00,$9.60,$0.00,$0.00,$0.00,$0.00,$148.00,$204.00,$361.60,6,
187,MGC 12-26,Backtest,GoldTrendScalperV40,Short,1,3635.3,3632.3,2025-05-08 11:27:00 AM,2025-05-08 11:28:00 AM,GS,TP1,$27.60,$3026.60,$2.40,$0.00,$0.00,$0.00,$0.00,$35.00,$64.00,$36.40,2,
188,MGC 12-26,Backtest,GoldTrendScalperV40,Short,4,3635.3,3638.8,2025-05-08 11:27:00 AM,2025-05-08 11:31:00 AM,GS,Stop loss,-$149.60,$2877.00,$9.60,$0.00,$0.00,$0.00,$0.00,$140.00,$256.00,$405.60,5,
189,MGC 12-26,Backtest,GoldTrendScalperV40,Short,1,3620.3,3616.3,2025-05-08 11:48:00 AM,2025-05-08 11:52:00 AM,GS,TP1,$37.60,$2914.60,$2.40,$0.00,$0.00,$0.00,$0.00,$40.00,$103.00,$65.40,5,
190,MGC 12-26,Backtest,GoldTrendScalperV40,Short,1,3620.3,3616.3,2025-05-08 11:48:00 AM,2025-05-08 11:52:00 AM,GS,TP2,$37.60,$2952.20,$2.40,$0.00,$0.00,$0.00,$0.00,$40.00,$103.00,$65.40,5,
191,MGC 12-26,Backtest,GoldTrendScalperV40,Short,1,3620.3,3613.0,2025-05-08 11:48:00 AM,2025-05-08 12:07:00 PM,GS,TP3,$70.60,$3022.80,$2.40,$0.00,$0.00,$0.00,$0.00,$40.00,$103.00,$32.40,20,
192,MGC 12-26,Backtest,GoldTrendScalperV40,Short,2,3620.3,3610.6,2025-05-08 11:48:00 AM,2025-05-08 12:08:00 PM,GS,FullTake,$189.20,$3212.00,$4.80,$0.00,$0.00,$0.00,$0.00,$80.00,$206.00,$16.80,21,
193,MGC 12-26,Backtest,GoldTrendScalperV40,Short,1,3607.3,3604.3,2025-05-08 12:13:00 PM,2025-05-08 12:15:00 PM,GS,TP1,$27.60,$3239.60,$2.40,$0.00,$0.00,$0.00,$0.00,$15.00,$86.00,$58.40,3,
194,MGC 12-26,Backtest,GoldTrendScalperV40,Short,4,3607.3,3600.0,2025-05-08 12:13:00 PM,2025-05-08 12:16:00 PM,GS,FullTake,$282.40,$3522.00,$9.60,$0.00,$0.00,$0.00,$0.00,$60.00,$344.00,$61.60,4,
195,MGC 12-26,Backtest,GoldTrendScalperV40,Short,5,3514.5,3517.8,2025-05-13 10:03:00 AM,2025-05-13 10:04:00 AM,GS,Stop loss,-$177.00,$3345.00,$12.00,$0.00,$0.00,$0.00,$0.00,$165.00,$95.00,$272.00,2,
196,MGC 12-26,Backtest,GoldTrendScalperV40,Long,5,3501.8,3498.6,2025-05-15 11:27:00 AM,2025-05-15 11:34:00 AM,GL_B,Stop loss,-$172.00,$3173.00,$12.00,$0.00,$0.00,$0.00,$0.00,$160.00,$75.00,$247.00,8,
197,MGC 12-26,Backtest,GoldTrendScalperV40,Short,5,3455.9,3459.6,2025-05-16 10:39:00 AM,2025-05-16 10:40:00 AM,GS,Stop loss,-$197.00,$2976.00,$12.00,$0.00,$0.00,$0.00,$0.00,$185.00,$0.00,$197.00,2,
198,MGC 12-26,Backtest,GoldTrendScalperV40,Short,5,3452.8,3456.5,2025-05-16 10:45:00 AM,2025-05-16 10:45:00 AM,GS,Stop loss,-$197.00,$2779.00,$12.00,$0.00,$0.00,$0.00,$0.00,$185.00,$0.00,$197.00,1,
199,MGC 12-26,Backtest,GoldTrendScalperV40,Long,1,3553.8,3557.2,2025-05-20 10:05:00 AM,2025-05-20 10:06:00 AM,GL_B,TP1,$31.60,$2810.60,$2.40,$0.00,$0.00,$0.00,$0.00,$2.00,$119.00,$87.40,2,
200,MGC 12-26,Backtest,GoldTrendScalperV40,Long,1,3553.8,3559.5,2025-05-20 10:05:00 AM,2025-05-20 10:08:00 AM,GL_B,TP2,$54.60,$2865.20,$2.40,$0.00,$0.00,$0.00,$0.00,$2.00,$119.00,$64.40,4,
201,MGC 12-26,Backtest,GoldTrendScalperV40,Long,3,3553.8,3564.9,2025-05-20 10:05:00 AM,2025-05-20 10:10:00 AM,GL_B,FullTake,$325.80,$3191.00,$7.20,$0.00,$0.00,$0.00,$0.00,$6.00,$357.00,$31.20,6,
202,MGC 12-26,Backtest,GoldTrendScalperV40,Short,5,3612.4,3616.4,2025-06-03 10:07:00 AM,2025-06-03 10:08:00 AM,GS,Stop loss,-$212.00,$2979.00,$12.00,$0.00,$0.00,$0.00,$0.00,$200.00,$10.00,$222.00,2,
203,MGC 12-26,Backtest,GoldTrendScalperV40,Long,1,3652.7,3655.3,2025-06-04 10:34:00 AM,2025-06-04 10:39:00 AM,GL_B,TP1,$23.60,$3002.60,$2.40,$0.00,$0.00,$0.00,$0.00,$17.00,$111.00,$87.40,6,
204,MGC 12-26,Backtest,GoldTrendScalperV40,Long,1,3652.7,3658.0,2025-06-04 10:34:00 AM,2025-06-04 10:41:00 AM,GL_B,TP2,$50.60,$3053.20,$2.40,$0.00,$0.00,$0.00,$0.00,$17.00,$111.00,$60.40,8,
205,MGC 12-26,Backtest,GoldTrendScalperV40,Long,1,3652.7,3660.1,2025-06-04 10:34:00 AM,2025-06-04 10:42:00 AM,GL_B,TP3,$71.60,$3124.80,$2.40,$0.00,$0.00,$0.00,$0.00,$17.00,$111.00,$39.40,9,
206,MGC 12-26,Backtest,GoldTrendScalperV40,Long,2,3652.7,3663.8,2025-06-04 10:34:00 AM,2025-06-04 10:45:00 AM,GL_B,FullTake,$217.20,$3342.00,$4.80,$0.00,$0.00,$0.00,$0.00,$34.00,$222.00,$4.80,12,
207,MGC 12-26,Backtest,GoldTrendScalperV40,Short,1,3631.4,3629.6,2025-06-05 11:35:00 AM,2025-06-05 11:41:00 AM,GS,TP1,$15.60,$3357.60,$2.40,$0.00,$0.00,$0.00,$0.00,$34.00,$113.00,$97.40,7,
208,MGC 12-26,Backtest,GoldTrendScalperV40,Short,1,3631.4,3626.1,2025-06-05 11:35:00 AM,2025-06-05 11:47:00 AM,GS,TP2,$50.60,$3408.20,$2.40,$0.00,$0.00,$0.00,$0.00,$34.00,$113.00,$62.40,13,
209,MGC 12-26,Backtest,GoldTrendScalperV40,Short,1,3631.4,3623.5,2025-06-05 11:35:00 AM,2025-06-05 11:48:00 AM,GS,TP3,$76.60,$3484.80,$2.40,$0.00,$0.00,$0.00,$0.00,$34.00,$113.00,$36.40,14,
210,MGC 12-26,Backtest,GoldTrendScalperV40,Short,2,3631.4,3621.8,2025-06-05 11:35:00 AM,2025-06-05 11:49:00 AM,GS,FullTake,$187.20,$3672.00,$4.80,$0.00,$0.00,$0.00,$0.00,$68.00,$226.00,$38.80,15,
211,MGC 12-26,Backtest,GoldTrendScalperV40,Short,1,3611.7,3606.9,2025-06-06 10:15:00 AM,2025-06-06 10:18:00 AM,GS,TP1,$45.60,$3717.60,$2.40,$0.00,$0.00,$0.00,$0.00,$22.00,$82.00,$36.40,4,
212,MGC 12-26,Backtest,GoldTrendScalperV40,Short,1,3611.7,3606.9,2025-06-06 10:15:00 AM,2025-06-06 10:18:00 AM,GS,TP2,$45.60,$3763.20,$2.40,$0.00,$0.00,$0.00,$0.00,$22.00,$82.00,$36.40,4,
213,MGC 12-26,Backtest,GoldTrendScalperV40,Short,3,3611.7,3603.5,2025-06-06 10:15:00 AM,2025-06-06 10:19:00 AM,GS,FullTake,$238.80,$4002.00,$7.20,$0.00,$0.00,$0.00,$0.00,$66.00,$246.00,$7.20,5,
214,MGC 12-26,Backtest,GoldTrendScalperV40,Short,1,3653.3,3648.7,2025-06-17 10:32:00 AM,2025-06-17 10:35:00 AM,GS,TP1,$43.60,$4045.60,$2.40,$0.00,$0.00,$0.00,$0.00,$25.00,$132.00,$88.40,4,
215,MGC 12-26,Backtest,GoldTrendScalperV40,Short,1,3653.3,3648.7,2025-06-17 10:32:00 AM,2025-06-17 10:35:00 AM,GS,TP2,$43.60,$4089.20,$2.40,$0.00,$0.00,$0.00,$0.00,$25.00,$132.00,$88.40,4,
216,MGC 12-26,Backtest,GoldTrendScalperV40,Short,1,3653.3,3646.2,2025-06-17 10:32:00 AM,2025-06-17 10:37:00 AM,GS,TP3,$68.60,$4157.80,$2.40,$0.00,$0.00,$0.00,$0.00,$25.00,$132.00,$63.40,6,
217,MGC 12-26,Backtest,GoldTrendScalperV40,Short,2,3653.3,3642.0,2025-06-17 10:32:00 AM,2025-06-17 10:39:00 AM,GS,FullTake,$221.20,$4379.00,$4.80,$0.00,$0.00,$0.00,$0.00,$50.00,$264.00,$42.80,8,
218,MGC 12-26,Backtest,GoldTrendScalperV40,Short,1,3584.6,3582.6,2025-06-26 10:25:00 AM,2025-06-26 10:30:00 AM,GS,TP1,$17.60,$4396.60,$2.40,$0.00,$0.00,$0.00,$0.00,$15.00,$58.00,$40.40,6,
219,MGC 12-26,Backtest,GoldTrendScalperV40,Short,1,3584.6,3580.1,2025-06-26 10:25:00 AM,2025-06-26 10:35:00 AM,GS,TP2,$42.60,$4439.20,$2.40,$0.00,$0.00,$0.00,$0.00,$15.00,$58.00,$15.40,11,
220,MGC 12-26,Backtest,GoldTrendScalperV40,Short,3,3584.6,3584.6,2025-06-26 10:25:00 AM,2025-06-26 10:44:00 AM,GS,Stop loss,-$7.20,$4432.00,$7.20,$0.00,$0.00,$0.00,$0.00,$45.00,$174.00,$181.20,20,
221,MGC 12-26,Backtest,GoldTrendScalperV40,Short,1,3539.1,3536.4,2025-06-27 10:13:00 AM,2025-06-27 10:16:00 AM,GS,TP1,$24.60,$4456.60,$2.40,$0.00,$0.00,$0.00,$0.00,$18.00,$79.00,$54.40,4,
222,MGC 12-26,Backtest,GoldTrendScalperV40,Short,1,3539.1,3534.8,2025-06-27 10:13:00 AM,2025-06-27 10:18:00 AM,GS,TP2,$40.60,$4497.20,$2.40,$0.00,$0.00,$0.00,$0.00,$18.00,$79.00,$38.40,6,
223,MGC 12-26,Backtest,GoldTrendScalperV40,Short,1,3539.1,3532.7,2025-06-27 10:13:00 AM,2025-06-27 10:21:00 AM,GS,TP3,$61.60,$4558.80,$2.40,$0.00,$0.00,$0.00,$0.00,$18.00,$79.00,$17.40,9,
224,MGC 12-26,Backtest,GoldTrendScalperV40,Short,2,3539.1,3538.7,2025-06-27 10:13:00 AM,2025-06-27 10:26:00 AM,GS,Stop loss,$3.20,$4562.00,$4.80,$0.00,$0.00,$0.00,$0.00,$36.00,$158.00,$154.80,14,
225,MGC 12-26,Backtest,GoldTrendScalperV40,Short,5,3589.1,3592.0,2025-07-03 10:24:00 AM,2025-07-03 10:30:00 AM,GS,Stop loss,-$157.00,$4405.00,$12.00,$0.00,$0.00,$0.00,$0.00,$145.00,$60.00,$217.00,7,
226,MGC 12-26,Backtest,GoldTrendScalperV40,Short,1,3572.3,3570.5,2025-07-08 10:10:00 AM,2025-07-08 10:15:00 AM,GS,TP1,$15.60,$4420.60,$2.40,$0.00,$0.00,$0.00,$0.00,$17.00,$114.00,$98.40,6,
227,MGC 12-26,Backtest,GoldTrendScalperV40,Short,1,3572.3,3567.4,2025-07-08 10:10:00 AM,2025-07-08 10:24:00 AM,GS,TP2,$46.60,$4467.20,$2.40,$0.00,$0.00,$0.00,$0.00,$17.00,$114.00,$67.40,15,
228,MGC 12-26,Backtest,GoldTrendScalperV40,Short,1,3572.3,3565.3,2025-07-08 10:10:00 AM,2025-07-08 10:25:00 AM,GS,TP3,$67.60,$4534.80,$2.40,$0.00,$0.00,$0.00,$0.00,$17.00,$114.00,$46.40,16,
229,MGC 12-26,Backtest,GoldTrendScalperV40,Short,2,3572.3,3562.2,2025-07-08 10:10:00 AM,2025-07-08 10:39:00 AM,GS,FullTake,$197.20,$4732.00,$4.80,$0.00,$0.00,$0.00,$0.00,$34.00,$228.00,$30.80,30,
230,MGC 12-26,Backtest,GoldTrendScalperV40,Short,1,3591.2,3588.9,2025-07-15 11:33:00 AM,2025-07-15 11:34:00 AM,GS,TP1,$20.60,$4752.60,$2.40,$0.00,$0.00,$0.00,$0.00,$3.00,$40.00,$19.40,2,
231,MGC 12-26,Backtest,GoldTrendScalperV40,Short,4,3591.2,3591.2,2025-07-15 11:33:00 AM,2025-07-15 11:39:00 AM,GS,Stop loss,-$9.60,$4743.00,$9.60,$0.00,$0.00,$0.00,$0.00,$12.00,$160.00,$169.60,7,
232,MGC 12-26,Backtest,GoldTrendScalperV40,Long,1,3599.9,3603.2,2025-07-16 11:01:00 AM,2025-07-16 11:02:00 AM,GL_PB,TP1,$30.60,$4773.60,$2.40,$0.00,$0.00,$0.00,$0.00,$9.00,$114.00,$83.40,2,
233,MGC 12-26,Backtest,GoldTrendScalperV40,Long,1,3599.9,3606.9,2025-07-16 11:01:00 AM,2025-07-16 11:05:00 AM,GL_PB,TP2,$67.60,$4841.20,$2.40,$0.00,$0.00,$0.00,$0.00,$9.00,$114.00,$46.40,5,
234,MGC 12-26,Backtest,GoldTrendScalperV40,Long,1,3599.9,3606.9,2025-07-16 11:01:00 AM,2025-07-16 11:05:00 AM,GL_PB,TP3,$67.60,$4908.80,$2.40,$0.00,$0.00,$0.00,$0.00,$9.00,$114.00,$46.40,5,
235,MGC 12-26,Backtest,GoldTrendScalperV40,Long,2,3599.9,3609.8,2025-07-16 11:01:00 AM,2025-07-16 11:07:00 AM,GL_PB,FullTake,$193.20,$5102.00,$4.80,$0.00,$0.00,$0.00,$0.00,$18.00,$228.00,$34.80,7,
236,MGC 12-26,Backtest,GoldTrendScalperV40,Long,1,3668.6,3670.6,2025-07-21 10:35:00 AM,2025-07-21 10:43:00 AM,GL_B,TP1,$17.60,$5119.60,$2.40,$0.00,$0.00,$0.00,$0.00,$31.00,$27.00,$9.40,9,
237,MGC 12-26,Backtest,GoldTrendScalperV40,Long,4,3668.6,3665.5,2025-07-21 10:35:00 AM,2025-07-21 10:50:00 AM,GL_B,Stop loss,-$133.60,$4986.00,$9.60,$0.00,$0.00,$0.00,$0.00,$124.00,$108.00,$241.60,16,
238,MGC 12-26,Backtest,GoldTrendScalperV40,Long,1,3692.4,3694.9,2025-07-22 10:33:00 AM,2025-07-22 10:34:00 AM,GL_B,TP1,$22.60,$5008.60,$2.40,$0.00,$0.00,$0.00,$0.00,$2.00,$43.00,$20.40,2,
239,MGC 12-26,Backtest,GoldTrendScalperV40,Long,4,3692.4,3692.4,2025-07-22 10:33:00 AM,2025-07-22 10:47:00 AM,GL_B,Stop loss,-$9.60,$4999.00,$9.60,$0.00,$0.00,$0.00,$0.00,$8.00,$172.00,$181.60,15,
240,MGC 12-26,Backtest,GoldTrendScalperV40,Short,1,3660.9,3657.7,2025-07-23 12:01:00 PM,2025-07-23 12:02:00 PM,GS,TP1,$29.60,$5028.60,$2.40,$0.00,$0.00,$0.00,$0.00,$2.00,$95.00,$65.40,2,
241,MGC 12-26,Backtest,GoldTrendScalperV40,Short,4,3660.9,3651.7,2025-07-23 12:01:00 PM,2025-07-23 12:03:00 PM,GS,FullTake,$358.40,$5387.00,$9.60,$0.00,$0.00,$0.00,$0.00,$8.00,$380.00,$21.60,3,
242,MGC 12-26,Backtest,GoldTrendScalperV40,Long,1,3582.4,3584.8,2025-07-29 10:48:00 AM,2025-07-29 11:07:00 AM,GL_B,TP1,$21.60,$5408.60,$2.40,$0.00,$0.00,$0.00,$0.00,$32.00,$48.00,$26.40,20,
243,MGC 12-26,Backtest,GoldTrendScalperV40,Long,4,3582.4,3582.4,2025-07-29 10:48:00 AM,2025-07-29 11:15:00 AM,GL_B,Stop loss,-$9.60,$5399.00,$9.60,$0.00,$0.00,$0.00,$0.00,$128.00,$192.00,$201.60,28,
244,MGC 12-26,Backtest,GoldTrendScalperV40,Short,1,3582.4,3579.3,2025-08-12 10:17:00 AM,2025-08-12 10:19:00 AM,GS,TP1,$28.60,$5427.60,$2.40,$0.00,$0.00,$0.00,$0.00,$6.00,$60.00,$31.40,3,
245,MGC 12-26,Backtest,GoldTrendScalperV40,Short,1,3582.4,3578.0,2025-08-12 10:17:00 AM,2025-08-12 10:22:00 AM,GS,TP2,$41.60,$5469.20,$2.40,$0.00,$0.00,$0.00,$0.00,$6.00,$60.00,$18.40,6,
246,MGC 12-26,Backtest,GoldTrendScalperV40,Short,3,3582.4,3582.4,2025-08-12 10:17:00 AM,2025-08-12 10:26:00 AM,GS,Stop loss,-$7.20,$5462.00,$7.20,$0.00,$0.00,$0.00,$0.00,$18.00,$180.00,$187.20,10,
247,MGC 12-26,Backtest,GoldTrendScalperV40,Short,1,3584.4,3581.5,2025-08-14 10:07:00 AM,2025-08-14 10:09:00 AM,GS,TP1,$26.60,$5488.60,$2.40,$0.00,$0.00,$0.00,$0.00,$32.00,$48.00,$21.40,3,
248,MGC 12-26,Backtest,GoldTrendScalperV40,Short,4,3584.4,3587.6,2025-08-14 10:07:00 AM,2025-08-14 10:18:00 AM,GS,Stop loss,-$137.60,$5351.00,$9.60,$0.00,$0.00,$0.00,$0.00,$128.00,$192.00,$329.60,12,
249,MGC 12-26,Backtest,GoldTrendScalperV40,Long,1,3589.2,3593.5,2025-08-22 10:06:00 AM,2025-08-22 10:07:00 AM,GL_PB,TP1,$40.60,$5391.60,$2.40,$0.00,$0.00,$0.00,$0.00,$4.00,$81.00,$40.40,2,
250,MGC 12-26,Backtest,GoldTrendScalperV40,Long,1,3589.2,3593.5,2025-08-22 10:06:00 AM,2025-08-22 10:06:03 AM,GL_PB,StallExit,$40.60,$5432.20,$2.40,$0.00,$0.00,$0.00,$0.00,$4.00,$81.00,$40.40,2,
251,MGC 12-26,Backtest,GoldTrendScalperV40,Long,1,3589.2,3593.6,2025-08-22 10:06:00 AM,2025-08-22 10:06:15 AM,GL_PB,StallExit,$41.60,$5473.80,$2.40,$0.00,$0.00,$0.00,$0.00,$4.00,$81.00,$39.40,2,
252,MGC 12-26,Backtest,GoldTrendScalperV40,Long,1,3589.2,3594.7,2025-08-22 10:06:00 AM,2025-08-22 10:06:27 AM,GL_PB,StallExit,$52.60,$5526.40,$2.40,$0.00,$0.00,$0.00,$0.00,$4.00,$81.00,$28.40,2,
253,MGC 12-26,Backtest,GoldTrendScalperV40,Long,1,3589.2,3596.7,2025-08-22 10:06:00 AM,2025-08-22 10:08:00 AM,GL_PB,TP2,$72.60,$5599.00,$2.40,$0.00,$0.00,$0.00,$0.00,$4.00,$81.00,$8.40,3,
254,MGC 12-26,Backtest,GoldTrendScalperV40,Long,1,3600.9,3604.7,2025-08-22 10:12:00 AM,2025-08-22 10:18:00 AM,GL_PB,TP1,$35.60,$5634.60,$2.40,$0.00,$0.00,$0.00,$0.00,$31.00,$96.00,$60.40,7,
255,MGC 12-26,Backtest,GoldTrendScalperV40,Long,1,3600.9,3604.7,2025-08-22 10:12:00 AM,2025-08-22 10:17:03 AM,GL_PB,StallExit,$35.60,$5670.20,$2.40,$0.00,$0.00,$0.00,$0.00,$31.00,$96.00,$60.40,7,
256,MGC 12-26,Backtest,GoldTrendScalperV40,Long,1,3600.9,3605.0,2025-08-22 10:12:00 AM,2025-08-22 10:17:15 AM,GL_PB,StallExit,$38.60,$5708.80,$2.40,$0.00,$0.00,$0.00,$0.00,$31.00,$96.00,$57.40,7,
257,MGC 12-26,Backtest,GoldTrendScalperV40,Long,1,3600.9,3603.7,2025-08-22 10:12:00 AM,2025-08-22 10:17:27 AM,GL_PB,StallExit,$25.60,$5734.40,$2.40,$0.00,$0.00,$0.00,$0.00,$31.00,$96.00,$70.40,7,
258,MGC 12-26,Backtest,GoldTrendScalperV40,Long,1,3600.9,3600.9,2025-08-22 10:12:00 AM,2025-08-22 10:24:00 AM,GL_PB,Stop loss,-$2.40,$5732.00,$2.40,$0.00,$0.00,$0.00,$0.00,$31.00,$96.00,$98.40,13,
259,MGC 12-26,Backtest,GoldTrendScalperV40,Long,1,3636.1,3638.1,2025-08-27 11:13:00 AM,2025-08-27 11:18:00 AM,GL_B,TP1,$17.60,$5749.60,$2.40,$0.00,$0.00,$0.00,$0.00,$5.00,$25.00,$7.40,6,
260,MGC 12-26,Backtest,GoldTrendScalperV40,Long,1,3636.1,3638.1,2025-08-27 11:13:00 AM,2025-08-27 11:17:12 AM,GL_B,StallExit,$17.60,$5767.20,$2.40,$0.00,$0.00,$0.00,$0.00,$5.00,$25.00,$7.40,6,
261,MGC 12-26,Backtest,GoldTrendScalperV40,Long,1,3636.1,3638.3,2025-08-27 11:13:00 AM,2025-08-27 11:17:33 AM,GL_B,StallExit,$19.60,$5786.80,$2.40,$0.00,$0.00,$0.00,$0.00,$5.00,$25.00,$5.40,6,
262,MGC 12-26,Backtest,GoldTrendScalperV40,Long,1,3636.1,3638.4,2025-08-27 11:13:00 AM,2025-08-27 11:17:45 AM,GL_B,StallExit,$20.60,$5807.40,$2.40,$0.00,$0.00,$0.00,$0.00,$5.00,$25.00,$4.40,6,
263,MGC 12-26,Backtest,GoldTrendScalperV40,Long,1,3636.1,3636.1,2025-08-27 11:13:00 AM,2025-08-27 11:19:00 AM,GL_B,Stop loss,-$2.40,$5805.00,$2.40,$0.00,$0.00,$0.00,$0.00,$5.00,$25.00,$27.40,7,
264,MGC 12-26,Backtest,GoldTrendScalperV40,Long,1,3690.3,3692.9,2025-08-29 10:03:00 AM,2025-08-29 10:11:00 AM,GL_B,TP1,$23.60,$5828.60,$2.40,$0.00,$0.00,$0.00,$0.00,$17.00,$101.00,$77.40,9,
265,MGC 12-26,Backtest,GoldTrendScalperV40,Long,1,3690.3,3692.9,2025-08-29 10:03:00 AM,2025-08-29 10:10:03 AM,GL_B,StallExit,$23.60,$5852.20,$2.40,$0.00,$0.00,$0.00,$0.00,$17.00,$101.00,$77.40,9,
266,MGC 12-26,Backtest,GoldTrendScalperV40,Long,1,3690.3,3693.8,2025-08-29 10:03:00 AM,2025-08-29 10:10:15 AM,GL_B,StallExit,$32.60,$5884.80,$2.40,$0.00,$0.00,$0.00,$0.00,$17.00,$101.00,$68.40,9,
267,MGC 12-26,Backtest,GoldTrendScalperV40,Long,1,3690.3,3694.7,2025-08-29 10:03:00 AM,2025-08-29 10:10:27 AM,GL_B,StallExit,$41.60,$5926.40,$2.40,$0.00,$0.00,$0.00,$0.00,$17.00,$101.00,$59.40,9,
268,MGC 12-26,Backtest,GoldTrendScalperV40,Long,1,3690.3,3700.4,2025-08-29 10:03:00 AM,2025-08-29 10:32:00 AM,GL_B,TP2,$98.60,$6025.00,$2.40,$0.00,$0.00,$0.00,$0.00,$17.00,$101.00,$2.40,30,
269,MGC 12-26,Backtest,GoldTrendScalperV40,Long,5,3706.1,3703.4,2025-08-29 11:18:00 AM,2025-08-29 11:28:00 AM,GL_B,Stop loss,-$147.00,$5878.00,$12.00,$0.00,$0.00,$0.00,$0.00,$135.00,$55.00,$202.00,11,
270,MGC 12-26,Backtest,GoldTrendScalperV40,Short,5,3792.3,3796.3,2025-09-04 10:06:00 AM,2025-09-04 10:06:00 AM,GS,Stop loss,-$212.00,$5666.00,$12.00,$0.00,$0.00,$0.00,$0.00,$200.00,$0.00,$212.00,1,
271,MGC 12-26,Backtest,GoldTrendScalperV40,Long,5,3881.4,3877.9,2025-09-08 11:03:00 AM,2025-09-08 11:08:00 AM,GL_B,Stop loss,-$187.00,$5479.00,$12.00,$0.00,$0.00,$0.00,$0.00,$175.00,$55.00,$242.00,6,
272,MGC 12-26,Backtest,GoldTrendScalperV40,Long,1,3906.1,3910.0,2025-09-15 11:49:00 AM,2025-09-15 11:51:00 AM,GL_B,TP1,$36.60,$5515.60,$2.40,$0.00,$0.00,$0.00,$0.00,$3.00,$74.00,$37.40,3,
273,MGC 12-26,Backtest,GoldTrendScalperV40,Long,1,3906.1,3910.0,2025-09-15 11:49:00 AM,2025-09-15 11:50:03 AM,GL_B,StallExit,$36.60,$5552.20,$2.40,$0.00,$0.00,$0.00,$0.00,$3.00,$74.00,$37.40,3,
274,MGC 12-26,Backtest,GoldTrendScalperV40,Long,1,3906.1,3910.5,2025-09-15 11:49:00 AM,2025-09-15 11:50:18 AM,GL_B,StallExit,$41.60,$5593.80,$2.40,$0.00,$0.00,$0.00,$0.00,$3.00,$74.00,$32.40,3,
275,MGC 12-26,Backtest,GoldTrendScalperV40,Long,1,3906.1,3909.7,2025-09-15 11:49:00 AM,2025-09-15 11:50:30 AM,GL_B,StallExit,$33.60,$5627.40,$2.40,$0.00,$0.00,$0.00,$0.00,$3.00,$74.00,$40.40,3,
276,MGC 12-26,Backtest,GoldTrendScalperV40,Long,1,3906.1,3913.5,2025-09-15 11:49:00 AM,2025-09-15 11:55:00 AM,GL_B,Profit target,$71.60,$5699.00,$2.40,$0.00,$0.00,$0.00,$0.00,$3.00,$74.00,$2.40,7,
277,MGC 12-26,Backtest,GoldTrendScalperV40,Long,1,3915.9,3918.3,2025-09-15 11:56:00 AM,2025-09-15 11:59:00 AM,GL_B,TP1,$21.60,$5720.60,$2.40,$0.00,$0.00,$0.00,$0.00,$2.00,$40.00,$18.40,4,
278,MGC 12-26,Backtest,GoldTrendScalperV40,Long,1,3915.9,3918.3,2025-09-15 11:56:00 AM,2025-09-15 11:58:03 AM,GL_B,StallExit,$21.60,$5742.20,$2.40,$0.00,$0.00,$0.00,$0.00,$2.00,$40.00,$18.40,4,
279,MGC 12-26,Backtest,GoldTrendScalperV40,Long,1,3915.9,3918.5,2025-09-15 11:56:00 AM,2025-09-15 11:58:18 AM,GL_B,StallExit,$23.60,$5765.80,$2.40,$0.00,$0.00,$0.00,$0.00,$2.00,$40.00,$16.40,4,
280,MGC 12-26,Backtest,GoldTrendScalperV40,Long,1,3915.9,3918.2,2025-09-15 11:56:00 AM,2025-09-15 11:58:30 AM,GL_B,StallExit,$20.60,$5786.40,$2.40,$0.00,$0.00,$0.00,$0.00,$2.00,$40.00,$19.40,4,
281,MGC 12-26,Backtest,GoldTrendScalperV40,Long,1,3915.9,3915.9,2025-09-15 11:56:00 AM,2025-09-15 12:01:00 PM,GL_B,Stop loss,-$2.40,$5784.00,$2.40,$0.00,$0.00,$0.00,$0.00,$2.00,$40.00,$42.40,6,
282,MGC 12-26,Backtest,GoldTrendScalperV40,Long,1,3910.3,3912.3,2025-09-19 1:48:00 PM,2025-09-19 2:13:00 PM,GL_B,TP1,$17.60,$5801.60,$2.40,$0.00,$0.00,$0.00,$0.00,$19.00,$60.00,$42.40,26,
283,MGC 12-26,Backtest,GoldTrendScalperV40,Long,1,3910.3,3912.3,2025-09-19 1:48:00 PM,2025-09-19 2:12:03 PM,GL_B,StallExit,$17.60,$5819.20,$2.40,$0.00,$0.00,$0.00,$0.00,$19.00,$60.00,$42.40,26,
284,MGC 12-26,Backtest,GoldTrendScalperV40,Long,1,3910.3,3912.5,2025-09-19 1:48:00 PM,2025-09-19 2:12:15 PM,GL_B,StallExit,$19.60,$5838.80,$2.40,$0.00,$0.00,$0.00,$0.00,$19.00,$60.00,$40.40,26,
285,MGC 12-26,Backtest,GoldTrendScalperV40,Long,1,3910.3,3912.5,2025-09-19 1:48:00 PM,2025-09-19 2:12:33 PM,GL_B,StallExit,$19.60,$5858.40,$2.40,$0.00,$0.00,$0.00,$0.00,$19.00,$60.00,$40.40,26,
286,MGC 12-26,Backtest,GoldTrendScalperV40,Long,1,3910.3,3915.7,2025-09-19 1:48:00 PM,2025-09-19 3:01:00 PM,GL_B,Sell,$51.60,$5910.00,$2.40,$0.00,$0.00,$0.00,$0.00,$19.00,$60.00,$8.40,74,
287,MGC 12-26,Backtest,GoldTrendScalperV40,Long,1,3975.6,3977.7,2025-09-22 1:32:00 PM,2025-09-22 1:41:00 PM,GL_B,TP1,$18.60,$5928.60,$2.40,$0.00,$0.00,$0.00,$0.00,$10.00,$47.00,$28.40,10,
288,MGC 12-26,Backtest,GoldTrendScalperV40,Long,1,3975.6,3977.7,2025-09-22 1:32:00 PM,2025-09-22 1:40:03 PM,GL_B,StallExit,$18.60,$5947.20,$2.40,$0.00,$0.00,$0.00,$0.00,$10.00,$47.00,$28.40,10,
289,MGC 12-26,Backtest,GoldTrendScalperV40,Long,1,3975.6,3977.9,2025-09-22 1:32:00 PM,2025-09-22 1:40:15 PM,GL_B,StallExit,$20.60,$5967.80,$2.40,$0.00,$0.00,$0.00,$0.00,$10.00,$47.00,$26.40,10,
290,MGC 12-26,Backtest,GoldTrendScalperV40,Long,1,3975.6,3978.3,2025-09-22 1:32:00 PM,2025-09-22 1:40:27 PM,GL_B,StallExit,$24.60,$5992.40,$2.40,$0.00,$0.00,$0.00,$0.00,$10.00,$47.00,$22.40,10,
291,MGC 12-26,Backtest,GoldTrendScalperV40,Long,1,3975.6,3978.2,2025-09-22 1:32:00 PM,2025-09-22 2:31:00 PM,GL_B,Stop loss,$23.60,$6016.00,$2.40,$0.00,$0.00,$0.00,$0.00,$10.00,$47.00,$23.40,60,
292,MGC 12-26,Backtest,GoldTrendScalperV40,Short,5,3973.8,3976.4,2025-09-24 11:43:00 AM,2025-09-24 11:50:00 AM,GS,Stop loss,-$142.00,$5874.00,$12.00,$0.00,$0.00,$0.00,$0.00,$130.00,$70.00,$212.00,8,
293,MGC 12-26,Backtest,GoldTrendScalperV40,Short,5,3970.8,3973.2,2025-09-24 12:00:00 PM,2025-09-24 12:02:00 PM,GS,Stop loss,-$132.00,$5742.00,$12.00,$0.00,$0.00,$0.00,$0.00,$120.00,$45.00,$177.00,3,
294,MGC 12-26,Backtest,GoldTrendScalperV40,Long,1,3999.9,4002.8,2025-09-26 10:10:00 AM,2025-09-26 10:11:00 AM,GL_B,TP1,$26.60,$5768.60,$2.40,$0.00,$0.00,$0.00,$0.00,$7.00,$124.00,$97.40,2,
295,MGC 12-26,Backtest,GoldTrendScalperV40,Long,1,3999.9,4002.8,2025-09-26 10:10:00 AM,2025-09-26 10:10:03 AM,GL_B,StallExit,$26.60,$5795.20,$2.40,$0.00,$0.00,$0.00,$0.00,$7.00,$124.00,$97.40,2,
296,MGC 12-26,Backtest,GoldTrendScalperV40,Long,1,3999.9,4002.2,2025-09-26 10:10:00 AM,2025-09-26 10:10:15 AM,GL_B,StallExit,$20.60,$5815.80,$2.40,$0.00,$0.00,$0.00,$0.00,$7.00,$124.00,$103.40,2,
297,MGC 12-26,Backtest,GoldTrendScalperV40,Long,1,3999.9,4001.4,2025-09-26 10:10:00 AM,2025-09-26 10:10:27 AM,GL_B,StallExit,$12.60,$5828.40,$2.40,$0.00,$0.00,$0.00,$0.00,$7.00,$124.00,$111.40,2,
298,MGC 12-26,Backtest,GoldTrendScalperV40,Long,1,3999.9,4005.7,2025-09-26 10:10:00 AM,2025-09-26 10:30:00 AM,GL_B,Stop loss,$55.60,$5884.00,$2.40,$0.00,$0.00,$0.00,$0.00,$7.00,$124.00,$68.40,21,
299,MGC 12-26,Backtest,GoldTrendScalperV40,Short,1,4078.9,4076.7,2025-10-02 10:36:00 AM,2025-10-02 10:37:00 AM,GS,TP1,$19.60,$5903.60,$2.40,$0.00,$0.00,$0.00,$0.00,$11.00,$148.00,$128.40,2,
300,MGC 12-26,Backtest,GoldTrendScalperV40,Short,1,4078.9,4076.7,2025-10-02 10:36:00 AM,2025-10-02 10:36:03 AM,GS,StallExit,$19.60,$5923.20,$2.40,$0.00,$0.00,$0.00,$0.00,$11.00,$148.00,$128.40,2,
301,MGC 12-26,Backtest,GoldTrendScalperV40,Short,1,4078.9,4076.2,2025-10-02 10:36:00 AM,2025-10-02 10:36:33 AM,GS,StallExit,$24.60,$5947.80,$2.40,$0.00,$0.00,$0.00,$0.00,$11.00,$148.00,$123.40,2,
302,MGC 12-26,Backtest,GoldTrendScalperV40,Short,1,4078.9,4076.8,2025-10-02 10:36:00 AM,2025-10-02 10:36:45 AM,GS,StallExit,$18.60,$5966.40,$2.40,$0.00,$0.00,$0.00,$0.00,$11.00,$148.00,$129.40,2,
303,MGC 12-26,Backtest,GoldTrendScalperV40,Short,1,4078.9,4065.0,2025-10-02 10:36:00 AM,2025-10-02 10:39:00 AM,GS,TP2,$136.60,$6103.00,$2.40,$0.00,$0.00,$0.00,$0.00,$11.00,$148.00,$11.40,4,
304,MGC 12-26,Backtest,GoldTrendScalperV40,Short,1,4055.0,4052.1,2025-10-02 10:48:00 AM,2025-10-02 10:49:00 AM,GS,TP1,$26.60,$6129.60,$2.40,$0.00,$0.00,$0.00,$0.00,$38.00,$81.00,$54.40,2,
305,MGC 12-26,Backtest,GoldTrendScalperV40,Short,1,4055.0,4052.1,2025-10-02 10:48:00 AM,2025-10-02 10:48:03 AM,GS,StallExit,$26.60,$6156.20,$2.40,$0.00,$0.00,$0.00,$0.00,$38.00,$81.00,$54.40,2,
306,MGC 12-26,Backtest,GoldTrendScalperV40,Short,1,4055.0,4051.1,2025-10-02 10:48:00 AM,2025-10-02 10:48:15 AM,GS,StallExit,$36.60,$6192.80,$2.40,$0.00,$0.00,$0.00,$0.00,$38.00,$81.00,$44.40,2,
307,MGC 12-26,Backtest,GoldTrendScalperV40,Short,1,4055.0,4052.3,2025-10-02 10:48:00 AM,2025-10-02 10:48:27 AM,GS,StallExit,$24.60,$6217.40,$2.40,$0.00,$0.00,$0.00,$0.00,$38.00,$81.00,$56.40,2,
308,MGC 12-26,Backtest,GoldTrendScalperV40,Short,1,4055.0,4055.0,2025-10-02 10:48:00 AM,2025-10-02 10:58:00 AM,GS,Stop loss,-$2.40,$6215.00,$2.40,$0.00,$0.00,$0.00,$0.00,$38.00,$81.00,$83.40,11,
309,MGC 12-26,Backtest,GoldTrendScalperV40,Long,1,4185.0,4188.9,2025-10-06 11:57:00 AM,2025-10-06 12:08:00 PM,GL_B,TP1,$36.60,$6251.60,$2.40,$0.00,$0.00,$0.00,$0.00,$24.00,$72.00,$35.40,12,
310,MGC 12-26,Backtest,GoldTrendScalperV40,Long,1,4185.0,4188.9,2025-10-06 11:57:00 AM,2025-10-06 12:07:09 PM,GL_B,StallExit,$36.60,$6288.20,$2.40,$0.00,$0.00,$0.00,$0.00,$24.00,$72.00,$35.40,12,
311,MGC 12-26,Backtest,GoldTrendScalperV40,Long,1,4185.0,4189.2,2025-10-06 11:57:00 AM,2025-10-06 12:07:21 PM,GL_B,StallExit,$39.60,$6327.80,$2.40,$0.00,$0.00,$0.00,$0.00,$24.00,$72.00,$32.40,12,
312,MGC 12-26,Backtest,GoldTrendScalperV40,Long,1,4185.0,4189.8,2025-10-06 11:57:00 AM,2025-10-06 12:07:33 PM,GL_B,StallExit,$45.60,$6373.40,$2.40,$0.00,$0.00,$0.00,$0.00,$24.00,$72.00,$26.40,12,
313,MGC 12-26,Backtest,GoldTrendScalperV40,Long,1,4185.0,4191.5,2025-10-06 11:57:00 AM,2025-10-06 12:10:00 PM,GL_B,TP2,$62.60,$6436.00,$2.40,$0.00,$0.00,$0.00,$0.00,$24.00,$72.00,$9.40,14,
314,MGC 12-26,Backtest,GoldTrendScalperV40,Short,1,4205.2,4201.3,2025-10-09 12:37:00 PM,2025-10-09 12:40:00 PM,GS,TP1,$36.60,$6472.60,$2.40,$0.00,$0.00,$0.00,$0.00,$27.00,$148.00,$111.40,4,
315,MGC 12-26,Backtest,GoldTrendScalperV40,Short,1,4205.2,4201.3,2025-10-09 12:37:00 PM,2025-10-09 12:40:00 PM,GS,TP2,$36.60,$6509.20,$2.40,$0.00,$0.00,$0.00,$0.00,$27.00,$148.00,$111.40,4,
316,MGC 12-26,Backtest,GoldTrendScalperV40,Short,1,4205.2,4201.3,2025-10-09 12:37:00 PM,2025-10-09 12:39:03 PM,GS,StallExit,$36.60,$6545.80,$2.40,$0.00,$0.00,$0.00,$0.00,$27.00,$148.00,$111.40,4,
317,MGC 12-26,Backtest,GoldTrendScalperV40,Short,1,4205.2,4200.8,2025-10-09 12:37:00 PM,2025-10-09 12:39:27 PM,GS,StallExit,$41.60,$6587.40,$2.40,$0.00,$0.00,$0.00,$0.00,$27.00,$148.00,$106.40,4,
318,MGC 12-26,Backtest,GoldTrendScalperV40,Short,1,4205.2,4191.0,2025-10-09 12:37:00 PM,2025-10-09 12:43:00 PM,GS,TP3,$139.60,$6727.00,$2.40,$0.00,$0.00,$0.00,$0.00,$27.00,$148.00,$8.40,7,
319,MGC 12-26,Backtest,GoldTrendScalperV40,Short,1,4181.4,4178.9,2025-10-09 12:56:00 PM,2025-10-09 12:57:00 PM,GS,TP1,$22.60,$6749.60,$2.40,$0.00,$0.00,$0.00,$0.00,$41.00,$103.00,$80.40,2,
320,MGC 12-26,Backtest,GoldTrendScalperV40,Short,1,4181.4,4178.9,2025-10-09 12:56:00 PM,2025-10-09 12:56:03 PM,GS,StallExit,$22.60,$6772.20,$2.40,$0.00,$0.00,$0.00,$0.00,$41.00,$103.00,$80.40,2,
321,MGC 12-26,Backtest,GoldTrendScalperV40,Short,1,4181.4,4177.8,2025-10-09 12:56:00 PM,2025-10-09 12:56:21 PM,GS,StallExit,$33.60,$6805.80,$2.40,$0.00,$0.00,$0.00,$0.00,$41.00,$103.00,$69.40,2,
322,MGC 12-26,Backtest,GoldTrendScalperV40,Short,1,4181.4,4179.3,2025-10-09 12:56:00 PM,2025-10-09 12:56:33 PM,GS,StallExit,$18.60,$6824.40,$2.40,$0.00,$0.00,$0.00,$0.00,$41.00,$103.00,$84.40,2,
323,MGC 12-26,Backtest,GoldTrendScalperV40,Short,1,4181.4,4181.4,2025-10-09 12:56:00 PM,2025-10-09 1:11:00 PM,GS,Stop loss,-$2.40,$6822.00,$2.40,$0.00,$0.00,$0.00,$0.00,$41.00,$103.00,$105.40,16,
324,MGC 12-26,Backtest,GoldTrendScalperV40,Short,5,4188.8,4193.4,2025-10-10 1:04:00 PM,2025-10-10 1:08:00 PM,GS,Stop loss,-$242.00,$6580.00,$12.00,$0.00,$0.00,$0.00,$0.00,$230.00,$55.00,$297.00,5,
325,MGC 12-26,Backtest,GoldTrendScalperV40,Short,5,4470.4,4462.8,2025-10-17 10:03:00 AM,2025-10-17 10:05:00 AM,GS,FullTake,$368.00,$6948.00,$12.00,$0.00,$0.00,$0.00,$0.00,$345.00,$990.00,$622.00,3,
326,MGC 12-26,Backtest,GoldTrendScalperV40,Long,1,4560.5,4563.4,2025-10-20 11:14:00 AM,2025-10-20 11:18:00 AM,GL_B,TP1,$26.60,$6974.60,$2.40,$0.00,$0.00,$0.00,$0.00,$34.00,$96.00,$69.40,5,
327,MGC 12-26,Backtest,GoldTrendScalperV40,Long,1,4560.5,4563.4,2025-10-20 11:14:00 AM,2025-10-20 11:17:03 AM,GL_B,StallExit,$26.60,$7001.20,$2.40,$0.00,$0.00,$0.00,$0.00,$34.00,$96.00,$69.40,5,
328,MGC 12-26,Backtest,GoldTrendScalperV40,Long,1,4560.5,4562.7,2025-10-20 11:14:00 AM,2025-10-20 11:17:15 AM,GL_B,StallExit,$19.60,$7020.80,$2.40,$0.00,$0.00,$0.00,$0.00,$34.00,$96.00,$76.40,5,
329,MGC 12-26,Backtest,GoldTrendScalperV40,Long,1,4560.5,4563.1,2025-10-20 11:14:00 AM,2025-10-20 11:17:27 AM,GL_B,StallExit,$23.60,$7044.40,$2.40,$0.00,$0.00,$0.00,$0.00,$34.00,$96.00,$72.40,5,
330,MGC 12-26,Backtest,GoldTrendScalperV40,Long,1,4560.5,4560.5,2025-10-20 11:14:00 AM,2025-10-20 11:25:00 AM,GL_B,Stop loss,-$2.40,$7042.00,$2.40,$0.00,$0.00,$0.00,$0.00,$34.00,$96.00,$98.40,12,
331,MGC 12-26,Backtest,GoldTrendScalperV40,Short,1,4349.2,4347.4,2025-10-21 10:30:00 AM,2025-10-21 10:31:00 AM,GS,TP1,$15.60,$7057.60,$2.40,$0.00,$0.00,$0.00,$0.00,$38.00,$179.00,$163.40,2,
332,MGC 12-26,Backtest,GoldTrendScalperV40,Short,1,4349.2,4346.8,2025-10-21 10:30:00 AM,2025-10-21 10:30:06 AM,GS,StallExit,$21.60,$7079.20,$2.40,$0.00,$0.00,$0.00,$0.00,$38.00,$179.00,$157.40,2,
333,MGC 12-26,Backtest,GoldTrendScalperV40,Short,1,4349.2,4343.2,2025-10-21 10:30:00 AM,2025-10-21 10:30:18 AM,GS,StallExit,$57.60,$7136.80,$2.40,$0.00,$0.00,$0.00,$0.00,$38.00,$179.00,$121.40,2,
334,MGC 12-26,Backtest,GoldTrendScalperV40,Short,1,4349.2,4338.8,2025-10-21 10:30:00 AM,2025-10-21 10:30:30 AM,GS,StallExit,$101.60,$7238.40,$2.40,$0.00,$0.00,$0.00,$0.00,$38.00,$179.00,$77.40,2,
335,MGC 12-26,Backtest,GoldTrendScalperV40,Short,1,4349.2,4342.0,2025-10-21 10:30:00 AM,2025-10-21 10:32:00 AM,GS,TP2,$69.60,$7308.00,$2.40,$0.00,$0.00,$0.00,$0.00,$38.00,$179.00,$109.40,3,
336,MGC 12-26,Backtest,GoldTrendScalperV40,Short,1,4320.8,4316.0,2025-10-21 10:44:00 AM,2025-10-21 10:45:00 AM,GS,TP1,$45.60,$7353.60,$2.40,$0.00,$0.00,$0.00,$0.00,$12.00,$128.00,$82.40,2,
337,MGC 12-26,Backtest,GoldTrendScalperV40,Short,1,4320.8,4316.0,2025-10-21 10:44:00 AM,2025-10-21 10:45:00 AM,GS,TP2,$45.60,$7399.20,$2.40,$0.00,$0.00,$0.00,$0.00,$12.00,$128.00,$82.40,2,
338,MGC 12-26,Backtest,GoldTrendScalperV40,Short,1,4320.8,4316.0,2025-10-21 10:44:00 AM,2025-10-21 10:44:03 AM,GS,StallExit,$45.60,$7444.80,$2.40,$0.00,$0.00,$0.00,$0.00,$12.00,$128.00,$82.40,2,
339,MGC 12-26,Backtest,GoldTrendScalperV40,Short,1,4320.8,4312.1,2025-10-21 10:44:00 AM,2025-10-21 10:44:15 AM,GS,StallExit,$84.60,$7529.40,$2.40,$0.00,$0.00,$0.00,$0.00,$12.00,$128.00,$43.40,2,
340,MGC 12-26,Backtest,GoldTrendScalperV40,Short,1,4320.8,4312.3,2025-10-21 10:44:00 AM,2025-10-21 10:46:00 AM,GS,TP3,$82.60,$7612.00,$2.40,$0.00,$0.00,$0.00,$0.00,$12.00,$128.00,$45.40,3,
341,MGC 12-26,Backtest,GoldTrendScalperV40,Short,1,4255.4,4251.9,2025-10-22 10:34:00 AM,2025-10-22 10:39:00 AM,GS,TP1,$32.60,$7644.60,$2.40,$0.00,$0.00,$0.00,$0.00,$35.00,$148.00,$115.40,6,
342,MGC 12-26,Backtest,GoldTrendScalperV40,Short,1,4255.4,4251.9,2025-10-22 10:34:00 AM,2025-10-22 10:38:03 AM,GS,StallExit,$32.60,$7677.20,$2.40,$0.00,$0.00,$0.00,$0.00,$35.00,$148.00,$115.40,6,
343,MGC 12-26,Backtest,GoldTrendScalperV40,Short,1,4255.4,4252.9,2025-10-22 10:34:00 AM,2025-10-22 10:38:15 AM,GS,StallExit,$22.60,$7699.80,$2.40,$0.00,$0.00,$0.00,$0.00,$35.00,$148.00,$125.40,6,
344,MGC 12-26,Backtest,GoldTrendScalperV40,Short,1,4255.4,4252.8,2025-10-22 10:34:00 AM,2025-10-22 10:38:27 AM,GS,StallExit,$23.60,$7723.40,$2.40,$0.00,$0.00,$0.00,$0.00,$35.00,$148.00,$124.40,6,
345,MGC 12-26,Backtest,GoldTrendScalperV40,Short,1,4255.4,4240.9,2025-10-22 10:34:00 AM,2025-10-22 10:43:00 AM,GS,TP2,$142.60,$7866.00,$2.40,$0.00,$0.00,$0.00,$0.00,$35.00,$148.00,$5.40,10,
346,MGC 12-26,Backtest,GoldTrendScalperV40,Short,5,4233.0,4240.8,2025-10-22 10:47:00 AM,2025-10-22 10:48:00 AM,GS,Stop loss,-$402.00,$7464.00,$12.00,$0.00,$0.00,$0.00,$0.00,$390.00,$120.00,$522.00,2,
347,MGC 12-26,Backtest,GoldTrendScalperV40,Short,5,4230.6,4237.2,2025-10-22 10:50:00 AM,2025-10-22 10:51:00 AM,GS,Buy to cover,-$342.00,$7122.00,$12.00,$0.00,$0.00,$0.00,$0.00,$375.00,$35.00,$377.00,2,
348,MGC 12-26,Backtest,GoldTrendScalperV40,Short,1,4330.5,4328.0,2025-10-24 1:42:00 PM,2025-10-24 1:45:00 PM,GS,TP1,$22.60,$7144.60,$2.40,$0.00,$0.00,$0.00,$0.00,$22.00,$57.00,$34.40,4,
349,MGC 12-26,Backtest,GoldTrendScalperV40,Short,1,4330.5,4327.5,2025-10-24 1:42:00 PM,2025-10-24 1:44:12 PM,GS,StallExit,$27.60,$7172.20,$2.40,$0.00,$0.00,$0.00,$0.00,$22.00,$57.00,$29.40,4,
350,MGC 12-26,Backtest,GoldTrendScalperV40,Short,1,4330.5,4327.1,2025-10-24 1:42:00 PM,2025-10-24 1:44:36 PM,GS,StallExit,$31.60,$7203.80,$2.40,$0.00,$0.00,$0.00,$0.00,$22.00,$57.00,$25.40,4,
351,MGC 12-26,Backtest,GoldTrendScalperV40,Short,1,4330.5,4325.6,2025-10-24 1:42:00 PM,2025-10-24 1:44:48 PM,GS,StallExit,$46.60,$7250.40,$2.40,$0.00,$0.00,$0.00,$0.00,$22.00,$57.00,$10.40,4,
352,MGC 12-26,Backtest,GoldTrendScalperV40,Short,1,4330.5,4330.5,2025-10-24 1:42:00 PM,2025-10-24 1:46:00 PM,GS,Stop loss,-$2.40,$7248.00,$2.40,$0.00,$0.00,$0.00,$0.00,$22.00,$57.00,$59.40,5,
353,MGC 12-26,Backtest,GoldTrendScalperV40,Short,1,4324.1,4320.4,2025-10-24 1:54:00 PM,2025-10-24 2:00:00 PM,GS,TP1,$34.60,$7282.60,$2.40,$0.00,$0.00,$0.00,$0.00,$20.00,$85.00,$50.40,7,
354,MGC 12-26,Backtest,GoldTrendScalperV40,Short,1,4324.1,4320.4,2025-10-24 1:54:00 PM,2025-10-24 2:00:00 PM,GS,TP2,$34.60,$7317.20,$2.40,$0.00,$0.00,$0.00,$0.00,$20.00,$85.00,$50.40,7,
355,MGC 12-26,Backtest,GoldTrendScalperV40,Short,1,4324.1,4320.4,2025-10-24 1:54:00 PM,2025-10-24 1:59:03 PM,GS,StallExit,$34.60,$7351.80,$2.40,$0.00,$0.00,$0.00,$0.00,$20.00,$85.00,$50.40,7,
356,MGC 12-26,Backtest,GoldTrendScalperV40,Short,1,4324.1,4319.7,2025-10-24 1:54:00 PM,2025-10-24 2:01:48 PM,GS,StallExit,$41.60,$7393.40,$2.40,$0.00,$0.00,$0.00,$0.00,$20.00,$85.00,$43.40,9,
357,MGC 12-26,Backtest,GoldTrendScalperV40,Short,1,4324.1,4324.1,2025-10-24 1:54:00 PM,2025-10-24 2:21:00 PM,GS,Stop loss,-$2.40,$7391.00,$2.40,$0.00,$0.00,$0.00,$0.00,$20.00,$85.00,$87.40,28,
358,MGC 12-26,Backtest,GoldTrendScalperV40,Short,5,4211.9,4220.0,2025-10-27 10:10:00 AM,2025-10-27 10:11:00 AM,GS,Stop loss,-$417.00,$6974.00,$12.00,$0.00,$0.00,$0.00,$0.00,$405.00,$20.00,$437.00,2,
359,MGC 12-26,Backtest,GoldTrendScalperV40,Long,1,4215.0,4218.5,2025-10-30 10:09:00 AM,2025-10-30 10:10:00 AM,GL_B,TP1,$32.60,$7006.60,$2.40,$0.00,$0.00,$0.00,$0.00,$8.00,$104.00,$71.40,2,
360,MGC 12-26,Backtest,GoldTrendScalperV40,Long,1,4215.0,4222.2,2025-10-30 10:09:00 AM,2025-10-30 10:09:48 AM,GL_B,StallExit,$69.60,$7076.20,$2.40,$0.00,$0.00,$0.00,$0.00,$8.00,$104.00,$34.40,2,
361,MGC 12-26,Backtest,GoldTrendScalperV40,Long,1,4215.0,4222.0,2025-10-30 10:09:00 AM,2025-10-30 10:10:00 AM,GL_B,StallExit,$67.60,$7143.80,$2.40,$0.00,$0.00,$0.00,$0.00,$8.00,$104.00,$36.40,2,
362,MGC 12-26,Backtest,GoldTrendScalperV40,Long,1,4215.0,4220.9,2025-10-30 10:09:00 AM,2025-10-30 10:11:00 AM,GL_B,TP2,$56.60,$7200.40,$2.40,$0.00,$0.00,$0.00,$0.00,$8.00,$104.00,$47.40,3,
363,MGC 12-26,Backtest,GoldTrendScalperV40,Long,1,4215.0,4220.9,2025-10-30 10:09:00 AM,2025-10-30 10:11:00 AM,GL_B,TP3,$56.60,$7257.00,$2.40,$0.00,$0.00,$0.00,$0.00,$8.00,$104.00,$47.40,3,
364,MGC 12-26,Backtest,GoldTrendScalperV40,Short,1,4208.0,4205.6,2025-10-31 12:11:00 PM,2025-10-31 12:12:00 PM,GS,TP1,$21.60,$7278.60,$2.40,$0.00,$0.00,$0.00,$0.00,$4.00,$212.00,$190.40,2,
365,MGC 12-26,Backtest,GoldTrendScalperV40,Short,1,4208.0,4205.6,2025-10-31 12:11:00 PM,2025-10-31 12:11:03 PM,GS,StallExit,$21.60,$7300.20,$2.40,$0.00,$0.00,$0.00,$0.00,$4.00,$212.00,$190.40,2,
366,MGC 12-26,Backtest,GoldTrendScalperV40,Short,1,4208.0,4204.6,2025-10-31 12:11:00 PM,2025-10-31 12:11:15 PM,GS,StallExit,$31.60,$7331.80,$2.40,$0.00,$0.00,$0.00,$0.00,$4.00,$212.00,$180.40,2,
367,MGC 12-26,Backtest,GoldTrendScalperV40,Short,1,4208.0,4203.6,2025-10-31 12:11:00 PM,2025-10-31 12:11:27 PM,GS,StallExit,$41.60,$7373.40,$2.40,$0.00,$0.00,$0.00,$0.00,$4.00,$212.00,$170.40,2,
368,MGC 12-26,Backtest,GoldTrendScalperV40,Short,1,4208.0,4187.6,2025-10-31 12:11:00 PM,2025-10-31 12:16:00 PM,GS,FullTake,$201.60,$7575.00,$2.40,$0.00,$0.00,$0.00,$0.00,$4.00,$212.00,$10.40,6,
369,MGC 12-26,Backtest,GoldTrendScalperV40,Short,1,4149.4,4147.4,2025-11-04 1:35:00 PM,2025-11-04 1:37:00 PM,GS,TP1,$17.60,$7592.60,$2.40,$0.00,$0.00,$0.00,$0.00,$34.00,$77.00,$59.40,3,
370,MGC 12-26,Backtest,GoldTrendScalperV40,Short,1,4149.4,4147.8,2025-11-04 1:35:00 PM,2025-11-04 1:36:21 PM,GS,StallExit,$13.60,$7606.20,$2.40,$0.00,$0.00,$0.00,$0.00,$34.00,$77.00,$63.40,3,
371,MGC 12-26,Backtest,GoldTrendScalperV40,Short,1,4149.4,4143.3,2025-11-04 1:35:00 PM,2025-11-04 1:36:51 PM,GS,StallExit,$58.60,$7664.80,$2.40,$0.00,$0.00,$0.00,$0.00,$34.00,$77.00,$18.40,3,
372,MGC 12-26,Backtest,GoldTrendScalperV40,Short,1,4149.4,4143.0,2025-11-04 1:35:00 PM,2025-11-04 1:38:00 PM,GS,TP2,$61.60,$7726.40,$2.40,$0.00,$0.00,$0.00,$0.00,$34.00,$77.00,$15.40,4,
373,MGC 12-26,Backtest,GoldTrendScalperV40,Short,1,4149.4,4143.0,2025-11-04 1:35:00 PM,2025-11-04 1:37:03 PM,GS,StallExit,$61.60,$7788.00,$2.40,$0.00,$0.00,$0.00,$0.00,$34.00,$77.00,$15.40,4,
374,MGC 12-26,Backtest,GoldTrendScalperV40,Long,1,4210.8,4214.0,2025-11-07 11:26:00 AM,2025-11-07 11:27:00 AM,GL_B,TP1,$29.60,$7817.60,$2.40,$0.00,$0.00,$0.00,$0.00,$2.00,$135.00,$105.40,2,
375,MGC 12-26,Backtest,GoldTrendScalperV40,Long,1,4210.8,4214.0,2025-11-07 11:26:00 AM,2025-11-07 11:26:09 AM,GL_B,StallExit,$29.60,$7847.20,$2.40,$0.00,$0.00,$0.00,$0.00,$2.00,$135.00,$105.40,2,
376,MGC 12-26,Backtest,GoldTrendScalperV40,Long,1,4210.8,4214.4,2025-11-07 11:26:00 AM,2025-11-07 11:26:21 AM,GL_B,StallExit,$33.60,$7880.80,$2.40,$0.00,$0.00,$0.00,$0.00,$2.00,$135.00,$101.40,2,
377,MGC 12-26,Backtest,GoldTrendScalperV40,Long,1,4210.8,4213.0,2025-11-07 11:26:00 AM,2025-11-07 11:26:33 AM,GL_B,StallExit,$19.60,$7900.40,$2.40,$0.00,$0.00,$0.00,$0.00,$2.00,$135.00,$115.40,2,
378,MGC 12-26,Backtest,GoldTrendScalperV40,Long,1,4210.8,4224.2,2025-11-07 11:26:00 AM,2025-11-07 11:36:00 AM,GL_B,TP2,$131.60,$8032.00,$2.40,$0.00,$0.00,$0.00,$0.00,$2.00,$135.00,$3.40,11,
379,MGC 12-26,Backtest,GoldTrendScalperV40,Long,1,4224.5,4227.3,2025-11-07 11:37:00 AM,2025-11-07 11:38:00 AM,GL_B,TP1,$25.60,$8057.60,$2.40,$0.00,$0.00,$0.00,$0.00,$9.00,$90.00,$64.40,2,
380,MGC 12-26,Backtest,GoldTrendScalperV40,Long,1,4224.5,4227.3,2025-11-07 11:37:00 AM,2025-11-07 11:37:03 AM,GL_B,StallExit,$25.60,$8083.20,$2.40,$0.00,$0.00,$0.00,$0.00,$9.00,$90.00,$64.40,2,
381,MGC 12-26,Backtest,GoldTrendScalperV40,Long,1,4224.5,4229.7,2025-11-07 11:37:00 AM,2025-11-07 11:37:15 AM,GL_B,StallExit,$49.60,$8132.80,$2.40,$0.00,$0.00,$0.00,$0.00,$9.00,$90.00,$40.40,2,
382,MGC 12-26,Backtest,GoldTrendScalperV40,Long,1,4224.5,4228.9,2025-11-07 11:37:00 AM,2025-11-07 11:37:27 AM,GL_B,StallExit,$41.60,$8174.40,$2.40,$0.00,$0.00,$0.00,$0.00,$9.00,$90.00,$48.40,2,
383,MGC 12-26,Backtest,GoldTrendScalperV40,Long,1,4224.5,4231.5,2025-11-07 11:37:00 AM,2025-11-07 11:40:00 AM,GL_B,TP2,$67.60,$8242.00,$2.40,$0.00,$0.00,$0.00,$0.00,$9.00,$90.00,$22.40,4,
384,MGC 12-26,Backtest,GoldTrendScalperV40,Long,5,4301.3,4298.1,2025-11-10 11:34:00 AM,2025-11-10 11:41:00 AM,GL_B,Stop loss,-$172.00,$8070.00,$12.00,$0.00,$0.00,$0.00,$0.00,$160.00,$35.00,$207.00,8,
385,MGC 12-26,Backtest,GoldTrendScalperV40,Long,1,4311.6,4314.6,2025-11-10 1:17:00 PM,2025-11-10 1:19:00 PM,GL_B,TP1,$27.60,$8097.60,$2.40,$0.00,$0.00,$0.00,$0.00,$4.00,$80.00,$52.40,3,
386,MGC 12-26,Backtest,GoldTrendScalperV40,Long,1,4311.6,4314.6,2025-11-10 1:17:00 PM,2025-11-10 1:18:03 PM,GL_B,StallExit,$27.60,$8125.20,$2.40,$0.00,$0.00,$0.00,$0.00,$4.00,$80.00,$52.40,3,
387,MGC 12-26,Backtest,GoldTrendScalperV40,Long,1,4311.6,4316.0,2025-11-10 1:17:00 PM,2025-11-10 1:18:24 PM,GL_B,StallExit,$41.60,$8166.80,$2.40,$0.00,$0.00,$0.00,$0.00,$4.00,$80.00,$38.40,3,
388,MGC 12-26,Backtest,GoldTrendScalperV40,Long,1,4311.6,4316.2,2025-11-10 1:17:00 PM,2025-11-10 1:18:36 PM,GL_B,StallExit,$43.60,$8210.40,$2.40,$0.00,$0.00,$0.00,$0.00,$4.00,$80.00,$36.40,3,
389,MGC 12-26,Backtest,GoldTrendScalperV40,Long,1,4311.6,4319.4,2025-11-10 1:17:00 PM,2025-11-10 1:29:00 PM,GL_B,TP2,$75.60,$8286.00,$2.40,$0.00,$0.00,$0.00,$0.00,$4.00,$80.00,$4.40,13,
390,MGC 12-26,Backtest,GoldTrendScalperV40,Long,5,4320.0,4316.7,2025-11-10 1:31:00 PM,2025-11-10 1:37:00 PM,GL_B,Stop loss,-$177.00,$8109.00,$12.00,$0.00,$0.00,$0.00,$0.00,$165.00,$85.00,$262.00,7,
391,MGC 12-26,Backtest,GoldTrendScalperV40,Long,1,4371.9,4374.1,2025-11-12 10:18:00 AM,2025-11-12 10:19:00 AM,GL_B,TP1,$19.60,$8128.60,$2.40,$0.00,$0.00,$0.00,$0.00,$74.00,$49.00,$29.40,2,
392,MGC 12-26,Backtest,GoldTrendScalperV40,Long,1,4371.9,4374.1,2025-11-12 10:18:00 AM,2025-11-12 10:18:03 AM,GL_B,StallExit,$19.60,$8148.20,$2.40,$0.00,$0.00,$0.00,$0.00,$74.00,$49.00,$29.40,2,
393,MGC 12-26,Backtest,GoldTrendScalperV40,Long,1,4371.9,4374.8,2025-11-12 10:18:00 AM,2025-11-12 10:18:15 AM,GL_B,StallExit,$26.60,$8174.80,$2.40,$0.00,$0.00,$0.00,$0.00,$74.00,$49.00,$22.40,2,
394,MGC 12-26,Backtest,GoldTrendScalperV40,Long,1,4371.9,4374.5,2025-11-12 10:18:00 AM,2025-11-12 10:18:27 AM,GL_B,StallExit,$23.60,$8198.40,$2.40,$0.00,$0.00,$0.00,$0.00,$74.00,$49.00,$25.40,2,
395,MGC 12-26,Backtest,GoldTrendScalperV40,Long,1,4371.9,4364.5,2025-11-12 10:18:00 AM,2025-11-12 10:22:00 AM,GL_B,Stop loss,-$76.40,$8122.00,$2.40,$0.00,$0.00,$0.00,$0.00,$74.00,$49.00,$125.40,5,
396,MGC 12-26,Backtest,GoldTrendScalperV40,Long,1,4380.5,4383.7,2025-11-12 10:35:00 AM,2025-11-12 10:37:00 AM,GL_B,TP1,$29.60,$8151.60,$2.40,$0.00,$0.00,$0.00,$0.00,$15.00,$97.00,$67.40,3,
397,MGC 12-26,Backtest,GoldTrendScalperV40,Long,1,4380.5,4383.7,2025-11-12 10:35:00 AM,2025-11-12 10:36:03 AM,GL_B,StallExit,$29.60,$8181.20,$2.40,$0.00,$0.00,$0.00,$0.00,$15.00,$97.00,$67.40,3,
398,MGC 12-26,Backtest,GoldTrendScalperV40,Long,1,4380.5,4382.7,2025-11-12 10:35:00 AM,2025-11-12 10:36:15 AM,GL_B,StallExit,$19.60,$8200.80,$2.40,$0.00,$0.00,$0.00,$0.00,$15.00,$97.00,$77.40,3,
399,MGC 12-26,Backtest,GoldTrendScalperV40,Long,1,4380.5,4383.1,2025-11-12 10:35:00 AM,2025-11-12 10:36:27 AM,GL_B,StallExit,$23.60,$8224.40,$2.40,$0.00,$0.00,$0.00,$0.00,$15.00,$97.00,$73.40,3,
400,MGC 12-26,Backtest,GoldTrendScalperV40,Long,1,4380.5,4380.5,2025-11-12 10:35:00 AM,2025-11-12 10:54:00 AM,GL_B,Stop loss,-$2.40,$8222.00,$2.40,$0.00,$0.00,$0.00,$0.00,$15.00,$97.00,$99.40,20,
401,MGC 12-26,Backtest,GoldTrendScalperV40,Short,1,4355.8,4353.3,2025-11-13 1:37:00 PM,2025-11-13 1:38:00 PM,GS,TP1,$22.60,$8244.60,$2.40,$0.00,$0.00,$0.00,$0.00,$40.00,$96.00,$73.40,2,
402,MGC 12-26,Backtest,GoldTrendScalperV40,Short,1,4355.8,4353.3,2025-11-13 1:37:00 PM,2025-11-13 1:37:03 PM,GS,StallExit,$22.60,$8267.20,$2.40,$0.00,$0.00,$0.00,$0.00,$40.00,$96.00,$73.40,2,
403,MGC 12-26,Backtest,GoldTrendScalperV40,Short,1,4355.8,4352.9,2025-11-13 1:37:00 PM,2025-11-13 1:37:15 PM,GS,StallExit,$26.60,$8293.80,$2.40,$0.00,$0.00,$0.00,$0.00,$40.00,$96.00,$69.40,2,
404,MGC 12-26,Backtest,GoldTrendScalperV40,Short,1,4355.8,4354.9,2025-11-13 1:37:00 PM,2025-11-13 1:37:27 PM,GS,StallExit,$6.60,$8300.40,$2.40,$0.00,$0.00,$0.00,$0.00,$40.00,$96.00,$89.40,2,
405,MGC 12-26,Backtest,GoldTrendScalperV40,Short,1,4355.8,4355.8,2025-11-13 1:37:00 PM,2025-11-13 1:42:00 PM,GS,Stop loss,-$2.40,$8298.00,$2.40,$0.00,$0.00,$0.00,$0.00,$40.00,$96.00,$98.40,6,
406,MGC 12-26,Backtest,GoldTrendScalperV40,Short,1,4255.7,4253.6,2025-11-17 11:06:00 AM,2025-11-17 11:10:00 AM,GS,TP1,$18.60,$8316.60,$2.40,$0.00,$0.00,$0.00,$0.00,$42.00,$47.00,$28.40,5,
407,MGC 12-26,Backtest,GoldTrendScalperV40,Short,1,4255.7,4253.6,2025-11-17 11:06:00 AM,2025-11-17 11:09:03 AM,GS,StallExit,$18.60,$8335.20,$2.40,$0.00,$0.00,$0.00,$0.00,$42.00,$47.00,$28.40,5,
408,MGC 12-26,Backtest,GoldTrendScalperV40,Short,1,4255.7,4251.5,2025-11-17 11:06:00 AM,2025-11-17 11:09:15 AM,GS,StallExit,$39.60,$8374.80,$2.40,$0.00,$0.00,$0.00,$0.00,$42.00,$47.00,$7.40,5,
409,MGC 12-26,Backtest,GoldTrendScalperV40,Short,1,4255.7,4255.1,2025-11-17 11:06:00 AM,2025-11-17 11:09:27 AM,GS,StallExit,$3.60,$8378.40,$2.40,$0.00,$0.00,$0.00,$0.00,$42.00,$47.00,$43.40,5,
410,MGC 12-26,Backtest,GoldTrendScalperV40,Short,1,4255.7,4259.9,2025-11-17 11:06:00 AM,2025-11-17 11:15:00 AM,GS,Stop loss,-$44.40,$8334.00,$2.40,$0.00,$0.00,$0.00,$0.00,$42.00,$47.00,$91.40,10,
411,MGC 12-26,Backtest,GoldTrendScalperV40,Short,1,4242.9,4239.1,2025-11-18 11:04:00 AM,2025-11-18 11:05:00 AM,GS,TP1,$35.60,$8369.60,$2.40,$0.00,$0.00,$0.00,$0.00,$53.00,$51.00,$15.40,2,
412,MGC 12-26,Backtest,GoldTrendScalperV40,Short,1,4242.9,4239.1,2025-11-18 11:04:00 AM,2025-11-18 11:05:00 AM,GS,TP2,$35.60,$8405.20,$2.40,$0.00,$0.00,$0.00,$0.00,$53.00,$51.00,$15.40,2,
413,MGC 12-26,Backtest,GoldTrendScalperV40,Short,1,4242.9,4239.1,2025-11-18 11:04:00 AM,2025-11-18 11:04:03 AM,GS,StallExit,$35.60,$8440.80,$2.40,$0.00,$0.00,$0.00,$0.00,$53.00,$51.00,$15.40,2,
414,MGC 12-26,Backtest,GoldTrendScalperV40,Short,2,4242.9,4248.2,2025-11-18 11:04:00 AM,2025-11-18 11:12:00 AM,GS,Stop loss,-$110.80,$8330.00,$4.80,$0.00,$0.00,$0.00,$0.00,$106.00,$102.00,$212.80,9,
415,MGC 12-26,Backtest,GoldTrendScalperV40,Short,5,4268.9,4274.9,2025-11-19 11:39:00 AM,2025-11-19 11:48:00 AM,GS,Stop loss,-$312.00,$8018.00,$12.00,$0.00,$0.00,$0.00,$0.00,$300.00,$95.00,$407.00,10,
416,MGC 12-26,Backtest,GoldTrendScalperV40,Long,1,4288.8,4291.1,2025-11-24 10:16:00 AM,2025-11-24 11:14:00 AM,GL_B,TP1,$20.60,$8038.60,$2.40,$0.00,$0.00,$0.00,$0.00,$58.00,$79.00,$58.40,59,
417,MGC 12-26,Backtest,GoldTrendScalperV40,Long,1,4288.8,4291.1,2025-11-24 10:16:00 AM,2025-11-24 11:13:03 AM,GL_B,StallExit,$20.60,$8059.20,$2.40,$0.00,$0.00,$0.00,$0.00,$58.00,$79.00,$58.40,59,
418,MGC 12-26,Backtest,GoldTrendScalperV40,Long,1,4288.8,4291.3,2025-11-24 10:16:00 AM,2025-11-24 11:13:18 AM,GL_B,StallExit,$22.60,$8081.80,$2.40,$0.00,$0.00,$0.00,$0.00,$58.00,$79.00,$56.40,59,
419,MGC 12-26,Backtest,GoldTrendScalperV40,Long,1,4288.8,4291.6,2025-11-24 10:16:00 AM,2025-11-24 11:13:30 AM,GL_B,StallExit,$25.60,$8107.40,$2.40,$0.00,$0.00,$0.00,$0.00,$58.00,$79.00,$53.40,59,
420,MGC 12-26,Backtest,GoldTrendScalperV40,Long,1,4288.8,4291.4,2025-11-24 10:16:00 AM,2025-11-24 12:07:00 PM,GL_B,Stop loss,$23.60,$8131.00,$2.40,$0.00,$0.00,$0.00,$0.00,$58.00,$79.00,$55.40,112,
421,MGC 12-26,Backtest,GoldTrendScalperV40,Long,1,4308.7,4310.8,2025-11-24 1:41:00 PM,2025-11-24 1:43:00 PM,GL_B,TP1,$18.60,$8149.60,$2.40,$0.00,$0.00,$0.00,$0.00,$20.00,$149.00,$130.40,3,
422,MGC 12-26,Backtest,GoldTrendScalperV40,Long,1,4308.7,4310.8,2025-11-24 1:41:00 PM,2025-11-24 1:42:03 PM,GL_B,StallExit,$18.60,$8168.20,$2.40,$0.00,$0.00,$0.00,$0.00,$20.00,$149.00,$130.40,3,
423,MGC 12-26,Backtest,GoldTrendScalperV40,Long,1,4308.7,4311.4,2025-11-24 1:41:00 PM,2025-11-24 1:42:21 PM,GL_B,StallExit,$24.60,$8192.80,$2.40,$0.00,$0.00,$0.00,$0.00,$20.00,$149.00,$124.40,3,
424,MGC 12-26,Backtest,GoldTrendScalperV40,Long,1,4308.7,4311.3,2025-11-24 1:41:00 PM,2025-11-24 1:45:33 PM,GL_B,StallExit,$23.60,$8216.40,$2.40,$0.00,$0.00,$0.00,$0.00,$20.00,$149.00,$125.40,6,
425,MGC 12-26,Backtest,GoldTrendScalperV40,Long,1,4308.7,4313.0,2025-11-24 1:41:00 PM,2025-11-24 2:15:00 PM,GL_B,Stop loss,$40.60,$8257.00,$2.40,$0.00,$0.00,$0.00,$0.00,$20.00,$149.00,$108.40,35,
426,MGC 12-26,Backtest,GoldTrendScalperV40,Long,5,4356.1,4351.6,2025-11-26 10:32:00 AM,2025-11-26 10:33:00 AM,GL_B,Stop loss,-$237.00,$8020.00,$12.00,$0.00,$0.00,$0.00,$0.00,$225.00,$75.00,$312.00,2,
427,MGC 12-26,Backtest,GoldTrendScalperV40,Short,1,4402.6,4399.2,2025-12-02 10:08:00 AM,2025-12-02 10:12:00 AM,GS,TP1,$31.60,$8051.60,$2.40,$0.00,$0.00,$0.00,$0.00,$30.00,$89.00,$57.40,5,
428,MGC 12-26,Backtest,GoldTrendScalperV40,Short,1,4402.6,4398.7,2025-12-02 10:08:00 AM,2025-12-02 10:11:24 AM,GS,StallExit,$36.60,$8088.20,$2.40,$0.00,$0.00,$0.00,$0.00,$30.00,$89.00,$52.40,5,
429,MGC 12-26,Backtest,GoldTrendScalperV40,Short,1,4402.6,4399.2,2025-12-02 10:08:00 AM,2025-12-02 10:11:36 AM,GS,StallExit,$31.60,$8119.80,$2.40,$0.00,$0.00,$0.00,$0.00,$30.00,$89.00,$57.40,5,
430,MGC 12-26,Backtest,GoldTrendScalperV40,Short,1,4402.6,4399.9,2025-12-02 10:08:00 AM,2025-12-02 10:11:48 AM,GS,StallExit,$24.60,$8144.40,$2.40,$0.00,$0.00,$0.00,$0.00,$30.00,$89.00,$64.40,5,
431,MGC 12-26,Backtest,GoldTrendScalperV40,Short,1,4402.6,4395.4,2025-12-02 10:08:00 AM,2025-12-02 10:18:00 AM,GS,TP2,$69.60,$8214.00,$2.40,$0.00,$0.00,$0.00,$0.00,$30.00,$89.00,$19.40,11,
432,MGC 12-26,Backtest,GoldTrendScalperV40,Short,1,4391.4,4386.4,2025-12-02 10:20:00 AM,2025-12-02 10:22:00 AM,GS,TP1,$47.60,$8261.60,$2.40,$0.00,$0.00,$0.00,$0.00,$12.00,$83.00,$35.40,3,
433,MGC 12-26,Backtest,GoldTrendScalperV40,Short,1,4391.4,4386.4,2025-12-02 10:20:00 AM,2025-12-02 10:22:00 AM,GS,TP2,$47.60,$8309.20,$2.40,$0.00,$0.00,$0.00,$0.00,$12.00,$83.00,$35.40,3,
434,MGC 12-26,Backtest,GoldTrendScalperV40,Short,1,4391.4,4386.4,2025-12-02 10:20:00 AM,2025-12-02 10:21:03 AM,GS,StallExit,$47.60,$8356.80,$2.40,$0.00,$0.00,$0.00,$0.00,$12.00,$83.00,$35.40,3,
435,MGC 12-26,Backtest,GoldTrendScalperV40,Short,1,4391.4,4386.1,2025-12-02 10:20:00 AM,2025-12-02 10:21:15 AM,GS,StallExit,$50.60,$8407.40,$2.40,$0.00,$0.00,$0.00,$0.00,$12.00,$83.00,$32.40,3,
436,MGC 12-26,Backtest,GoldTrendScalperV40,Short,1,4391.4,4384.9,2025-12-02 10:20:00 AM,2025-12-02 10:26:00 AM,GS,TP3,$62.60,$8470.00,$2.40,$0.00,$0.00,$0.00,$0.00,$12.00,$83.00,$20.40,7,
437,MGC 12-26,Backtest,GoldTrendScalperV40,Short,5,4384.6,4389.5,2025-12-04 10:06:00 AM,2025-12-04 10:10:00 AM,GS,Stop loss,-$257.00,$8213.00,$12.00,$0.00,$0.00,$0.00,$0.00,$245.00,$155.00,$412.00,5,
438,MGC 12-26,Backtest,GoldTrendScalperV40,Long,5,4449.8,4445.0,2025-12-05 10:41:00 AM,2025-12-05 10:46:00 AM,GL_B,Stop loss,-$252.00,$7961.00,$12.00,$0.00,$0.00,$0.00,$0.00,$240.00,$40.00,$292.00,6,
439,MGC 12-26,Backtest,GoldTrendScalperV40,Short,5,4398.4,4401.7,2025-12-05 12:38:00 PM,2025-12-05 12:38:00 PM,GS,Stop loss,-$177.00,$7784.00,$12.00,$0.00,$0.00,$0.00,$0.00,$165.00,$0.00,$177.00,1,
440,MGC 12-26,Backtest,GoldTrendScalperV40,Short,1,4373.6,4371.4,2025-12-08 10:07:00 AM,2025-12-08 10:08:00 AM,GS,TP1,$19.60,$7803.60,$2.40,$0.00,$0.00,$0.00,$0.00,$57.00,$85.00,$65.40,2,
441,MGC 12-26,Backtest,GoldTrendScalperV40,Short,1,4373.6,4370.0,2025-12-08 10:07:00 AM,2025-12-08 10:07:09 AM,GS,StallExit,$33.60,$7837.20,$2.40,$0.00,$0.00,$0.00,$0.00,$57.00,$85.00,$51.40,2,
442,MGC 12-26,Backtest,GoldTrendScalperV40,Short,1,4373.6,4369.9,2025-12-08 10:07:00 AM,2025-12-08 10:07:21 AM,GS,StallExit,$34.60,$7871.80,$2.40,$0.00,$0.00,$0.00,$0.00,$57.00,$85.00,$50.40,2,
443,MGC 12-26,Backtest,GoldTrendScalperV40,Short,1,4373.6,4371.3,2025-12-08 10:07:00 AM,2025-12-08 10:07:33 AM,GS,StallExit,$20.60,$7892.40,$2.40,$0.00,$0.00,$0.00,$0.00,$57.00,$85.00,$64.40,2,
444,MGC 12-26,Backtest,GoldTrendScalperV40,Short,1,4373.6,4379.3,2025-12-08 10:07:00 AM,2025-12-08 10:21:00 AM,GS,Stop loss,-$59.40,$7833.00,$2.40,$0.00,$0.00,$0.00,$0.00,$57.00,$85.00,$144.40,15,
445,MGC 12-26,Backtest,GoldTrendScalperV40,Short,1,4490.4,4485.0,2025-12-16 11:38:00 AM,2025-12-16 11:42:00 AM,GS,TP1,$51.60,$7884.60,$2.40,$0.00,$0.00,$0.00,$0.00,$4.00,$64.00,$12.40,5,
446,MGC 12-26,Backtest,GoldTrendScalperV40,Short,1,4490.4,4485.0,2025-12-16 11:38:00 AM,2025-12-16 11:42:00 AM,GS,TP2,$51.60,$7936.20,$2.40,$0.00,$0.00,$0.00,$0.00,$4.00,$64.00,$12.40,5,
447,MGC 12-26,Backtest,GoldTrendScalperV40,Short,1,4490.4,4485.0,2025-12-16 11:38:00 AM,2025-12-16 11:41:03 AM,GS,StallExit,$51.60,$7987.80,$2.40,$0.00,$0.00,$0.00,$0.00,$4.00,$64.00,$12.40,5,
448,MGC 12-26,Backtest,GoldTrendScalperV40,Short,1,4490.4,4485.4,2025-12-16 11:38:00 AM,2025-12-16 11:41:15 AM,GS,StallExit,$47.60,$8035.40,$2.40,$0.00,$0.00,$0.00,$0.00,$4.00,$64.00,$16.40,5,
449,MGC 12-26,Backtest,GoldTrendScalperV40,Short,1,4490.4,4490.4,2025-12-16 11:38:00 AM,2025-12-16 11:47:00 AM,GS,Stop loss,-$2.40,$8033.00,$2.40,$0.00,$0.00,$0.00,$0.00,$4.00,$64.00,$66.40,10,
450,MGC 12-26,Backtest,GoldTrendScalperV40,Long,5,4629.5,4625.5,2025-12-22 10:57:00 AM,2025-12-22 11:01:00 AM,GL_B,Stop loss,-$212.00,$7821.00,$12.00,$0.00,$0.00,$0.00,$0.00,$200.00,$140.00,$352.00,5,
451,MGC 12-26,Backtest,GoldTrendScalperV40,Short,1,4643.2,4639.4,2025-12-24 10:42:00 AM,2025-12-24 10:45:00 AM,GS,TP1,$35.60,$7856.60,$2.40,$0.00,$0.00,$0.00,$0.00,$23.00,$81.00,$45.40,4,
452,MGC 12-26,Backtest,GoldTrendScalperV40,Short,1,4643.2,4639.4,2025-12-24 10:42:00 AM,2025-12-24 10:45:00 AM,GS,TP2,$35.60,$7892.20,$2.40,$0.00,$0.00,$0.00,$0.00,$23.00,$81.00,$45.40,4,
453,MGC 12-26,Backtest,GoldTrendScalperV40,Short,1,4643.2,4639.4,2025-12-24 10:42:00 AM,2025-12-24 10:44:03 AM,GS,StallExit,$35.60,$7927.80,$2.40,$0.00,$0.00,$0.00,$0.00,$23.00,$81.00,$45.40,4,
454,MGC 12-26,Backtest,GoldTrendScalperV40,Short,1,4643.2,4638.1,2025-12-24 10:42:00 AM,2025-12-24 10:46:54 AM,GS,StallExit,$48.60,$7976.40,$2.40,$0.00,$0.00,$0.00,$0.00,$23.00,$81.00,$32.40,6,
455,MGC 12-26,Backtest,GoldTrendScalperV40,Short,1,4643.2,4643.2,2025-12-24 10:42:00 AM,2025-12-24 10:50:00 AM,GS,Stop loss,-$2.40,$7974.00,$2.40,$0.00,$0.00,$0.00,$0.00,$23.00,$81.00,$83.40,9,
456,MGC 12-26,Backtest,GoldTrendScalperV40,Long,1,4732.9,4739.6,2025-12-26 10:34:00 AM,2025-12-26 10:39:00 AM,GL_B,TP1,$64.60,$8038.60,$2.40,$0.00,$0.00,$0.00,$0.00,$12.00,$77.00,$12.40,6,
457,MGC 12-26,Backtest,GoldTrendScalperV40,Long,1,4732.9,4739.6,2025-12-26 10:34:00 AM,2025-12-26 10:39:00 AM,GL_B,TP2,$64.60,$8103.20,$2.40,$0.00,$0.00,$0.00,$0.00,$12.00,$77.00,$12.40,6,
458,MGC 12-26,Backtest,GoldTrendScalperV40,Long,1,4732.9,4739.7,2025-12-26 10:34:00 AM,2025-12-26 10:38:12 AM,GL_B,StallExit,$65.60,$8168.80,$2.40,$0.00,$0.00,$0.00,$0.00,$12.00,$77.00,$11.40,6,
459,MGC 12-26,Backtest,GoldTrendScalperV40,Long,1,4732.9,4740.0,2025-12-26 10:34:00 AM,2025-12-26 10:38:24 AM,GL_B,StallExit,$68.60,$8237.40,$2.40,$0.00,$0.00,$0.00,$0.00,$12.00,$77.00,$8.40,6,
460,MGC 12-26,Backtest,GoldTrendScalperV40,Long,1,4732.9,4738.2,2025-12-26 10:34:00 AM,2025-12-26 10:40:00 AM,GL_B,TP3,$50.60,$8288.00,$2.40,$0.00,$0.00,$0.00,$0.00,$12.00,$77.00,$26.40,7,
461,MGC 12-26,Backtest,GoldTrendScalperV40,Short,5,4515.1,4508.8,2025-12-29 10:08:00 AM,2025-12-29 10:09:00 AM,GS,FullTake,$303.00,$8591.00,$12.00,$0.00,$0.00,$0.00,$0.00,$75.00,$415.00,$112.00,2,
462,MGC 12-26,Backtest,GoldTrendScalperV40,Short,5,4503.4,4508.1,2025-12-31 10:23:00 AM,2025-12-31 10:25:00 AM,GS,Stop loss,-$247.00,$8344.00,$12.00,$0.00,$0.00,$0.00,$0.00,$235.00,$90.00,$337.00,3,
463,MGC 12-26,Backtest,GoldTrendScalperV40,Short,1,4756.3,4752.1,2026-01-13 1:21:00 PM,2026-01-13 1:23:00 PM,GS,TP1,$39.60,$8383.60,$2.40,$0.00,$0.00,$0.00,$0.00,$39.00,$59.00,$19.40,3,
464,MGC 12-26,Backtest,GoldTrendScalperV40,Short,1,4756.3,4752.1,2026-01-13 1:21:00 PM,2026-01-13 1:23:00 PM,GS,TP2,$39.60,$8423.20,$2.40,$0.00,$0.00,$0.00,$0.00,$39.00,$59.00,$19.40,3,
465,MGC 12-26,Backtest,GoldTrendScalperV40,Short,1,4756.3,4752.1,2026-01-13 1:21:00 PM,2026-01-13 1:22:03 PM,GS,StallExit,$39.60,$8462.80,$2.40,$0.00,$0.00,$0.00,$0.00,$39.00,$59.00,$19.40,3,
466,MGC 12-26,Backtest,GoldTrendScalperV40,Short,2,4756.3,4760.2,2026-01-13 1:21:00 PM,2026-01-13 1:26:00 PM,GS,Stop loss,-$82.80,$8380.00,$4.80,$0.00,$0.00,$0.00,$0.00,$78.00,$118.00,$200.80,6,
467,MGC 12-26,Backtest,GoldTrendScalperV40,Long,1,4793.8,4795.9,2026-01-14 1:18:00 PM,2026-01-14 1:27:00 PM,GL_B,TP1,$18.60,$8398.60,$2.40,$0.00,$0.00,$0.00,$0.00,$14.00,$153.00,$134.40,10,
468,MGC 12-26,Backtest,GoldTrendScalperV40,Long,1,4793.8,4795.9,2026-01-14 1:18:00 PM,2026-01-14 1:26:03 PM,GL_B,StallExit,$18.60,$8417.20,$2.40,$0.00,$0.00,$0.00,$0.00,$14.00,$153.00,$134.40,10,
469,MGC 12-26,Backtest,GoldTrendScalperV40,Long,1,4793.8,4796.2,2026-01-14 1:18:00 PM,2026-01-14 1:26:48 PM,GL_B,StallExit,$21.60,$8438.80,$2.40,$0.00,$0.00,$0.00,$0.00,$14.00,$153.00,$131.40,10,
470,MGC 12-26,Backtest,GoldTrendScalperV40,Long,1,4793.8,4796.4,2026-01-14 1:18:00 PM,2026-01-14 1:27:00 PM,GL_B,StallExit,$23.60,$8462.40,$2.40,$0.00,$0.00,$0.00,$0.00,$14.00,$153.00,$129.40,10,
471,MGC 12-26,Backtest,GoldTrendScalperV40,Long,1,4793.8,4808.8,2026-01-14 1:18:00 PM,2026-01-14 2:03:00 PM,GL_B,TP2,$147.60,$8610.00,$2.40,$0.00,$0.00,$0.00,$0.00,$14.00,$153.00,$5.40,46,
472,MGC 12-26,Backtest,GoldTrendScalperV40,Short,5,4767.8,4771.2,2026-01-15 11:56:00 AM,2026-01-15 11:57:00 AM,GS,Stop loss,-$182.00,$8428.00,$12.00,$0.00,$0.00,$0.00,$0.00,$170.00,$20.00,$202.00,2,
473,MGC 12-26,Backtest,GoldTrendScalperV40,Short,1,4752.1,4748.6,2026-01-16 10:27:00 AM,2026-01-16 10:28:00 AM,GS,TP1,$32.60,$8460.60,$2.40,$0.00,$0.00,$0.00,$0.00,$4.00,$89.00,$56.40,2,
474,MGC 12-26,Backtest,GoldTrendScalperV40,Short,1,4752.1,4748.6,2026-01-16 10:27:00 AM,2026-01-16 10:27:03 AM,GS,StallExit,$32.60,$8493.20,$2.40,$0.00,$0.00,$0.00,$0.00,$4.00,$89.00,$56.40,2,
475,MGC 12-26,Backtest,GoldTrendScalperV40,Short,1,4752.1,4745.7,2026-01-16 10:27:00 AM,2026-01-16 10:27:15 AM,GS,StallExit,$61.60,$8554.80,$2.40,$0.00,$0.00,$0.00,$0.00,$4.00,$89.00,$27.40,2,
476,MGC 12-26,Backtest,GoldTrendScalperV40,Short,1,4752.1,4746.2,2026-01-16 10:27:00 AM,2026-01-16 10:27:36 AM,GS,StallExit,$56.60,$8611.40,$2.40,$0.00,$0.00,$0.00,$0.00,$4.00,$89.00,$32.40,2,
477,MGC 12-26,Backtest,GoldTrendScalperV40,Short,1,4752.1,4748.1,2026-01-16 10:27:00 AM,2026-01-16 10:29:00 AM,GS,TP2,$37.60,$8649.00,$2.40,$0.00,$0.00,$0.00,$0.00,$4.00,$89.00,$51.40,3,
478,MGC 12-26,Backtest,GoldTrendScalperV40,Short,5,4736.3,4729.2,2026-01-16 10:30:00 AM,2026-01-16 10:31:00 AM,GS,FullTake,$343.00,$8992.00,$12.00,$0.00,$0.00,$0.00,$0.00,$55.00,$400.00,$57.00,2,
479,MGC 12-26,Backtest,GoldTrendScalperV40,Long,5,4920.3,4915.9,2026-01-20 11:58:00 AM,2026-01-20 12:01:00 PM,GL_B,Stop loss,-$232.00,$8760.00,$12.00,$0.00,$0.00,$0.00,$0.00,$220.00,$130.00,$362.00,4,
480,MGC 12-26,Backtest,GoldTrendScalperV40,Long,1,5023.1,5027.1,2026-01-22 10:33:00 AM,2026-01-22 10:36:00 AM,GL_B,TP1,$37.60,$8797.60,$2.40,$0.00,$0.00,$0.00,$0.00,$24.00,$90.00,$52.40,4,
481,MGC 12-26,Backtest,GoldTrendScalperV40,Long,1,5023.1,5027.1,2026-01-22 10:33:00 AM,2026-01-22 10:35:03 AM,GL_B,StallExit,$37.60,$8835.20,$2.40,$0.00,$0.00,$0.00,$0.00,$24.00,$90.00,$52.40,4,
482,MGC 12-26,Backtest,GoldTrendScalperV40,Long,1,5023.1,5027.0,2026-01-22 10:33:00 AM,2026-01-22 10:35:15 AM,GL_B,StallExit,$36.60,$8871.80,$2.40,$0.00,$0.00,$0.00,$0.00,$24.00,$90.00,$53.40,4,
483,MGC 12-26,Backtest,GoldTrendScalperV40,Long,1,5023.1,5027.0,2026-01-22 10:33:00 AM,2026-01-22 10:35:27 AM,GL_B,StallExit,$36.60,$8908.40,$2.40,$0.00,$0.00,$0.00,$0.00,$24.00,$90.00,$53.40,4,
484,MGC 12-26,Backtest,GoldTrendScalperV40,Long,1,5023.1,5032.1,2026-01-22 10:33:00 AM,2026-01-22 10:53:00 AM,GL_B,TP2,$87.60,$8996.00,$2.40,$0.00,$0.00,$0.00,$0.00,$24.00,$90.00,$2.40,21,
485,MGC 12-26,Backtest,GoldTrendScalperV40,Long,1,5077.1,5079.3,2026-01-22 1:10:00 PM,2026-01-22 1:39:00 PM,GL_B,TP1,$19.60,$9015.60,$2.40,$0.00,$0.00,$0.00,$0.00,$62.00,$114.00,$94.40,30,
486,MGC 12-26,Backtest,GoldTrendScalperV40,Long,1,5077.1,5079.3,2026-01-22 1:10:00 PM,2026-01-22 1:38:03 PM,GL_B,StallExit,$19.60,$9035.20,$2.40,$0.00,$0.00,$0.00,$0.00,$62.00,$114.00,$94.40,30,
487,MGC 12-26,Backtest,GoldTrendScalperV40,Long,1,5077.1,5079.1,2026-01-22 1:10:00 PM,2026-01-22 1:38:15 PM,GL_B,StallExit,$17.60,$9052.80,$2.40,$0.00,$0.00,$0.00,$0.00,$62.00,$114.00,$96.40,30,
488,MGC 12-26,Backtest,GoldTrendScalperV40,Long,1,5077.1,5079.3,2026-01-22 1:10:00 PM,2026-01-22 1:38:30 PM,GL_B,StallExit,$19.60,$9072.40,$2.40,$0.00,$0.00,$0.00,$0.00,$62.00,$114.00,$94.40,30,
489,MGC 12-26,Backtest,GoldTrendScalperV40,Long,1,5077.1,5082.1,2026-01-22 1:10:00 PM,2026-01-22 2:25:00 PM,GL_B,Stop loss,$47.60,$9120.00,$2.40,$0.00,$0.00,$0.00,$0.00,$62.00,$114.00,$66.40,76,
490,MGC 12-26,Backtest,GoldTrendScalperV40,Short,5,5155.6,5142.1,2026-01-30 10:03:00 AM,2026-01-30 10:04:00 AM,GS,FullTake,$663.00,$9783.00,$12.00,$0.00,$0.00,$0.00,$0.00,$345.00,$1185.00,$522.00,2,
491,MGC 12-26,Backtest,GoldTrendScalperV40,Long,1,5112.6,5114.9,2026-02-03 11:18:00 AM,2026-02-03 11:19:00 AM,GL_B,TP1,$20.60,$9803.60,$2.40,$0.00,$0.00,$0.00,$0.00,$78.00,$171.00,$150.40,2,
492,MGC 12-26,Backtest,GoldTrendScalperV40,Long,1,5112.6,5114.9,2026-02-03 11:18:00 AM,2026-02-03 11:18:03 AM,GL_B,StallExit,$20.60,$9824.20,$2.40,$0.00,$0.00,$0.00,$0.00,$78.00,$171.00,$150.40,2,
493,MGC 12-26,Backtest,GoldTrendScalperV40,Long,1,5112.6,5114.4,2026-02-03 11:18:00 AM,2026-02-03 11:19:48 AM,GL_B,StallExit,$15.60,$9839.80,$2.40,$0.00,$0.00,$0.00,$0.00,$78.00,$171.00,$155.40,3,
494,MGC 12-26,Backtest,GoldTrendScalperV40,Long,1,5112.6,5115.0,2026-02-03 11:18:00 AM,2026-02-03 11:20:00 AM,GL_B,StallExit,$21.60,$9861.40,$2.40,$0.00,$0.00,$0.00,$0.00,$78.00,$171.00,$149.40,3,
495,MGC 12-26,Backtest,GoldTrendScalperV40,Long,1,5112.6,5127.0,2026-02-03 11:18:00 AM,2026-02-03 11:29:00 AM,GL_B,TP2,$141.60,$10003.00,$2.40,$0.00,$0.00,$0.00,$0.00,$78.00,$171.00,$29.40,12,
496,MGC 12-26,Backtest,GoldTrendScalperV40,Short,5,5025.7,5019.5,2026-02-04 1:02:00 PM,2026-02-04 1:03:00 PM,GS,FullTake,$298.00,$10301.00,$12.00,$0.00,$0.00,$0.00,$0.00,$30.00,$350.00,$52.00,2,
497,MGC 12-26,Backtest,GoldTrendScalperV40,Short,5,5158.4,5150.0,2026-02-10 10:39:00 AM,2026-02-10 10:40:00 AM,GS,FullTake,$408.00,$10709.00,$12.00,$0.00,$0.00,$0.00,$0.00,$235.00,$590.00,$182.00,2,
498,MGC 12-26,Backtest,GoldTrendScalperV40,Short,5,5197.9,5180.5,2026-02-12 11:11:00 AM,2026-02-12 11:12:00 AM,GS,FullTake,$858.00,$11567.00,$12.00,$0.00,$0.00,$0.00,$0.00,$5.00,$1040.00,$182.00,2,
499,MGC 12-26,Backtest,GoldTrendScalperV40,Long,5,5171.4,5180.5,2026-02-13 11:29:00 AM,2026-02-13 11:30:00 AM,GL_B,FullTake,$443.00,$12010.00,$12.00,$0.00,$0.00,$0.00,$0.00,$30.00,$515.00,$72.00,2,
500,MGC 12-26,Backtest,GoldTrendScalperV40,Short,1,5123.0,5120.8,2026-02-16 10:04:00 AM,2026-02-16 10:05:00 AM,GS,TP1,$19.60,$12029.60,$2.40,$0.00,$0.00,$0.00,$0.00,$2.00,$92.00,$72.40,2,
501,MGC 12-26,Backtest,GoldTrendScalperV40,Short,1,5123.0,5120.8,2026-02-16 10:04:00 AM,2026-02-16 10:04:03 AM,GS,StallExit,$19.60,$12049.20,$2.40,$0.00,$0.00,$0.00,$0.00,$2.00,$92.00,$72.40,2,
502,MGC 12-26,Backtest,GoldTrendScalperV40,Short,1,5123.0,5119.0,2026-02-16 10:04:00 AM,2026-02-16 10:04:15 AM,GS,StallExit,$37.60,$12086.80,$2.40,$0.00,$0.00,$0.00,$0.00,$2.00,$92.00,$54.40,2,
503,MGC 12-26,Backtest,GoldTrendScalperV40,Short,1,5123.0,5119.5,2026-02-16 10:04:00 AM,2026-02-16 10:04:27 AM,GS,StallExit,$32.60,$12119.40,$2.40,$0.00,$0.00,$0.00,$0.00,$2.00,$92.00,$59.40,2,
504,MGC 12-26,Backtest,GoldTrendScalperV40,Short,1,5123.0,5123.0,2026-02-16 10:04:00 AM,2026-02-16 10:08:00 AM,GS,Stop loss,-$2.40,$12117.00,$2.40,$0.00,$0.00,$0.00,$0.00,$2.00,$92.00,$94.40,5,
505,MGC 12-26,Backtest,GoldTrendScalperV40,Long,5,5144.9,5152.6,2026-02-18 10:03:00 AM,2026-02-18 10:05:00 AM,GL_B,FullTake,$373.00,$12490.00,$12.00,$0.00,$0.00,$0.00,$0.00,$200.00,$385.00,$12.00,3,
506,MGC 12-26,Backtest,GoldTrendScalperV40,Short,1,5130.9,5127.9,2026-02-19 12:55:00 PM,2026-02-19 1:02:00 PM,GS,TP1,$27.60,$12517.60,$2.40,$0.00,$0.00,$0.00,$0.00,$20.00,$74.00,$46.40,8,
507,MGC 12-26,Backtest,GoldTrendScalperV40,Short,1,5130.9,5129.7,2026-02-19 12:55:00 PM,2026-02-19 1:02:39 PM,GS,StallExit,$9.60,$12527.20,$2.40,$0.00,$0.00,$0.00,$0.00,$20.00,$74.00,$64.40,9,
508,MGC 12-26,Backtest,GoldTrendScalperV40,Short,1,5130.9,5129.7,2026-02-19 12:55:00 PM,2026-02-19 1:07:06 PM,GS,StallExit,$9.60,$12536.80,$2.40,$0.00,$0.00,$0.00,$0.00,$20.00,$74.00,$64.40,14,
509,MGC 12-26,Backtest,GoldTrendScalperV40,Short,1,5130.9,5127.6,2026-02-19 12:55:00 PM,2026-02-19 1:07:18 PM,GS,StallExit,$30.60,$12567.40,$2.40,$0.00,$0.00,$0.00,$0.00,$20.00,$74.00,$43.40,14,
510,MGC 12-26,Backtest,GoldTrendScalperV40,Short,1,5130.9,5130.9,2026-02-19 12:55:00 PM,2026-02-19 1:14:00 PM,GS,Stop loss,-$2.40,$12565.00,$2.40,$0.00,$0.00,$0.00,$0.00,$20.00,$74.00,$76.40,20,
511,MGC 12-26,Backtest,GoldTrendScalperV40,Short,5,5278.4,5282.3,2026-02-24 11:35:00 AM,2026-02-24 11:36:00 AM,GS,Stop loss,-$207.00,$12358.00,$12.00,$0.00,$0.00,$0.00,$0.00,$195.00,$5.00,$212.00,2,
512,MGC 12-26,Backtest,GoldTrendScalperV40,Short,5,5189.5,5197.5,2026-03-05 11:32:00 AM,2026-03-05 11:32:00 AM,GS,Stop loss,-$412.00,$11946.00,$12.00,$0.00,$0.00,$0.00,$0.00,$400.00,$0.00,$412.00,1,
513,MGC 12-26,Backtest,GoldTrendScalperV40,Long,1,5365.0,5368.7,2026-03-10 11:33:00 AM,2026-03-10 11:35:00 AM,GL_B,TP1,$34.60,$11980.60,$2.40,$0.00,$0.00,$0.00,$0.00,$31.00,$86.00,$51.40,3,
514,MGC 12-26,Backtest,GoldTrendScalperV40,Long,1,5365.0,5367.9,2026-03-10 11:33:00 AM,2026-03-10 11:34:15 AM,GL_B,StallExit,$26.60,$12007.20,$2.40,$0.00,$0.00,$0.00,$0.00,$31.00,$86.00,$59.40,3,
515,MGC 12-26,Backtest,GoldTrendScalperV40,Long,1,5365.0,5368.9,2026-03-10 11:33:00 AM,2026-03-10 11:34:27 AM,GL_B,StallExit,$36.60,$12043.80,$2.40,$0.00,$0.00,$0.00,$0.00,$31.00,$86.00,$49.40,3,
516,MGC 12-26,Backtest,GoldTrendScalperV40,Long,1,5365.0,5369.7,2026-03-10 11:33:00 AM,2026-03-10 11:34:39 AM,GL_B,StallExit,$44.60,$12088.40,$2.40,$0.00,$0.00,$0.00,$0.00,$31.00,$86.00,$41.40,3,
517,MGC 12-26,Backtest,GoldTrendScalperV40,Long,1,5365.0,5372.0,2026-03-10 11:33:00 AM,2026-03-10 11:47:00 AM,GL_B,TP2,$67.60,$12156.00,$2.40,$0.00,$0.00,$0.00,$0.00,$31.00,$86.00,$18.40,15,
518,MGC 12-26,Backtest,GoldTrendScalperV40,Short,5,5275.8,5280.8,2026-03-12 10:35:00 AM,2026-03-12 10:36:00 AM,GS,Stop loss,-$262.00,$11894.00,$12.00,$0.00,$0.00,$0.00,$0.00,$250.00,$55.00,$317.00,2,
519,MGC 12-26,Backtest,GoldTrendScalperV40,Short,1,5248.9,5246.4,2026-03-12 11:13:00 AM,2026-03-12 11:14:00 AM,GS,TP1,$22.60,$11916.60,$2.40,$0.00,$0.00,$0.00,$0.00,$73.00,$39.00,$16.40,2,
520,MGC 12-26,Backtest,GoldTrendScalperV40,Short,1,5248.9,5246.4,2026-03-12 11:13:00 AM,2026-03-12 11:13:03 AM,GS,StallExit,$22.60,$11939.20,$2.40,$0.00,$0.00,$0.00,$0.00,$73.00,$39.00,$16.40,2,
521,MGC 12-26,Backtest,GoldTrendScalperV40,Short,1,5248.9,5247.2,2026-03-12 11:13:00 AM,2026-03-12 11:13:27 AM,GS,StallExit,$14.60,$11953.80,$2.40,$0.00,$0.00,$0.00,$0.00,$73.00,$39.00,$24.40,2,
522,MGC 12-26,Backtest,GoldTrendScalperV40,Short,2,5248.9,5256.2,2026-03-12 11:13:00 AM,2026-03-12 11:15:00 AM,GS,Stop loss,-$150.80,$11803.00,$4.80,$0.00,$0.00,$0.00,$0.00,$146.00,$78.00,$228.80,3,
523,MGC 12-26,Backtest,GoldTrendScalperV40,Short,5,5249.2,5251.3,2026-03-12 1:18:00 PM,2026-03-12 1:20:00 PM,GS,Buy to cover,-$117.00,$11686.00,$12.00,$0.00,$0.00,$0.00,$0.00,$170.00,$210.00,$327.00,3,
524,MGC 12-26,Backtest,GoldTrendScalperV40,Short,1,5208.5,5206.2,2026-03-13 10:42:00 AM,2026-03-13 10:43:00 AM,GS,TP1,$20.60,$11706.60,$2.40,$0.00,$0.00,$0.00,$0.00,$20.00,$127.00,$106.40,2,
525,MGC 12-26,Backtest,GoldTrendScalperV40,Short,1,5208.5,5207.3,2026-03-13 10:42:00 AM,2026-03-13 10:42:24 AM,GS,StallExit,$9.60,$11716.20,$2.40,$0.00,$0.00,$0.00,$0.00,$20.00,$127.00,$117.40,2,
526,MGC 12-26,Backtest,GoldTrendScalperV40,Short,1,5208.5,5206.0,2026-03-13 10:42:00 AM,2026-03-13 10:42:36 AM,GS,StallExit,$22.60,$11738.80,$2.40,$0.00,$0.00,$0.00,$0.00,$20.00,$127.00,$104.40,2,
527,MGC 12-26,Backtest,GoldTrendScalperV40,Short,1,5208.5,5205.1,2026-03-13 10:42:00 AM,2026-03-13 10:42:48 AM,GS,StallExit,$31.60,$11770.40,$2.40,$0.00,$0.00,$0.00,$0.00,$20.00,$127.00,$95.40,2,
528,MGC 12-26,Backtest,GoldTrendScalperV40,Short,1,5208.5,5195.8,2026-03-13 10:42:00 AM,2026-03-13 10:53:00 AM,GS,TP2,$124.60,$11895.00,$2.40,$0.00,$0.00,$0.00,$0.00,$20.00,$127.00,$2.40,12,
529,MGC 12-26,Backtest,GoldTrendScalperV40,Short,5,5189.8,5177.3,2026-03-13 10:54:00 AM,2026-03-13 10:57:00 AM,GS,FullTake,$613.00,$12508.00,$12.00,$0.00,$0.00,$0.00,$0.00,$220.00,$745.00,$132.00,4,
530,MGC 12-26,Backtest,GoldTrendScalperV40,Short,1,5125.2,5122.0,2026-03-16 10:49:00 AM,2026-03-16 10:50:00 AM,GS,TP1,$29.60,$12537.60,$2.40,$0.00,$0.00,$0.00,$0.00,$55.00,$76.00,$46.40,2,
531,MGC 12-26,Backtest,GoldTrendScalperV40,Short,1,5125.2,5122.0,2026-03-16 10:49:00 AM,2026-03-16 10:49:03 AM,GS,StallExit,$29.60,$12567.20,$2.40,$0.00,$0.00,$0.00,$0.00,$55.00,$76.00,$46.40,2,
532,MGC 12-26,Backtest,GoldTrendScalperV40,Short,1,5125.2,5124.4,2026-03-16 10:49:00 AM,2026-03-16 10:51:15 AM,GS,StallExit,$5.60,$12572.80,$2.40,$0.00,$0.00,$0.00,$0.00,$55.00,$76.00,$70.40,4,
533,MGC 12-26,Backtest,GoldTrendScalperV40,Short,1,5125.2,5122.1,2026-03-16 10:49:00 AM,2026-03-16 10:51:27 AM,GS,StallExit,$28.60,$12601.40,$2.40,$0.00,$0.00,$0.00,$0.00,$55.00,$76.00,$47.40,4,
534,MGC 12-26,Backtest,GoldTrendScalperV40,Short,1,5125.2,5130.7,2026-03-16 10:49:00 AM,2026-03-16 10:58:00 AM,GS,Stop loss,-$57.40,$12544.00,$2.40,$0.00,$0.00,$0.00,$0.00,$55.00,$76.00,$133.40,10,
535,MGC 12-26,Backtest,GoldTrendScalperV40,Short,1,5118.0,5115.2,2026-03-16 11:54:00 AM,2026-03-16 11:59:00 AM,GS,TP1,$25.60,$12569.60,$2.40,$0.00,$0.00,$0.00,$0.00,$43.00,$45.00,$19.40,6,
536,MGC 12-26,Backtest,GoldTrendScalperV40,Short,1,5118.0,5116.2,2026-03-16 11:54:00 AM,2026-03-16 11:58:15 AM,GS,StallExit,$15.60,$12585.20,$2.40,$0.00,$0.00,$0.00,$0.00,$43.00,$45.00,$29.40,6,
537,MGC 12-26,Backtest,GoldTrendScalperV40,Short,1,5118.0,5115.5,2026-03-16 11:54:00 AM,2026-03-16 11:58:27 AM,GS,StallExit,$22.60,$12607.80,$2.40,$0.00,$0.00,$0.00,$0.00,$43.00,$45.00,$22.40,6,
538,MGC 12-26,Backtest,GoldTrendScalperV40,Short,1,5118.0,5115.7,2026-03-16 11:54:00 AM,2026-03-16 11:58:39 AM,GS,StallExit,$20.60,$12628.40,$2.40,$0.00,$0.00,$0.00,$0.00,$43.00,$45.00,$24.40,6,
539,MGC 12-26,Backtest,GoldTrendScalperV40,Short,1,5118.0,5122.3,2026-03-16 11:54:00 AM,2026-03-16 12:04:00 PM,GS,Stop loss,-$45.40,$12583.00,$2.40,$0.00,$0.00,$0.00,$0.00,$43.00,$45.00,$90.40,11,
540,MGC 12-26,Backtest,GoldTrendScalperV40,Short,5,4726.7,4734.4,2026-03-20 10:10:00 AM,2026-03-20 10:10:00 AM,GS,Stop loss,-$397.00,$12186.00,$12.00,$0.00,$0.00,$0.00,$0.00,$385.00,$0.00,$397.00,1,
541,MGC 12-26,Backtest,GoldTrendScalperV40,Short,1,4719.6,4718.1,2026-03-20 10:14:00 AM,2026-03-20 10:15:00 AM,GS,TP1,$12.60,$12198.60,$2.40,$0.00,$0.00,$0.00,$0.00,$8.00,$211.00,$198.40,2,
542,MGC 12-26,Backtest,GoldTrendScalperV40,Short,1,4719.6,4718.1,2026-03-20 10:14:00 AM,2026-03-20 10:14:03 AM,GS,StallExit,$12.60,$12211.20,$2.40,$0.00,$0.00,$0.00,$0.00,$8.00,$211.00,$198.40,2,
543,MGC 12-26,Backtest,GoldTrendScalperV40,Short,1,4719.6,4716.4,2026-03-20 10:14:00 AM,2026-03-20 10:14:15 AM,GS,StallExit,$29.60,$12240.80,$2.40,$0.00,$0.00,$0.00,$0.00,$8.00,$211.00,$181.40,2,
544,MGC 12-26,Backtest,GoldTrendScalperV40,Short,1,4719.6,4713.7,2026-03-20 10:14:00 AM,2026-03-20 10:14:27 AM,GS,StallExit,$56.60,$12297.40,$2.40,$0.00,$0.00,$0.00,$0.00,$8.00,$211.00,$154.40,2,
545,MGC 12-26,Backtest,GoldTrendScalperV40,Short,1,4719.6,4703.7,2026-03-20 10:14:00 AM,2026-03-20 10:17:00 AM,GS,TP2,$156.60,$12454.00,$2.40,$0.00,$0.00,$0.00,$0.00,$8.00,$211.00,$54.40,4,
546,MGC 12-26,Backtest,GoldTrendScalperV40,Short,5,4696.8,4688.5,2026-03-20 10:19:00 AM,2026-03-20 10:20:00 AM,GS,FullTake,$403.00,$12857.00,$12.00,$0.00,$0.00,$0.00,$0.00,$210.00,$440.00,$37.00,2,
547,MGC 12-26,Backtest,GoldTrendScalperV40,Short,1,4548.4,4546.5,2026-03-23 11:38:00 AM,2026-03-23 11:40:00 AM,GS,TP1,$16.60,$12873.60,$2.40,$0.00,$0.00,$0.00,$0.00,$57.00,$125.00,$108.40,3,
548,MGC 12-26,Backtest,GoldTrendScalperV40,Short,1,4548.4,4546.5,2026-03-23 11:38:00 AM,2026-03-23 11:39:03 AM,GS,StallExit,$16.60,$12890.20,$2.40,$0.00,$0.00,$0.00,$0.00,$57.00,$125.00,$108.40,3,
549,MGC 12-26,Backtest,GoldTrendScalperV40,Short,1,4548.4,4545.2,2026-03-23 11:38:00 AM,2026-03-23 11:40:06 AM,GS,StallExit,$29.60,$12919.80,$2.40,$0.00,$0.00,$0.00,$0.00,$57.00,$125.00,$95.40,4,
550,MGC 12-26,Backtest,GoldTrendScalperV40,Short,1,4548.4,4542.8,2026-03-23 11:38:00 AM,2026-03-23 11:40:18 AM,GS,StallExit,$53.60,$12973.40,$2.40,$0.00,$0.00,$0.00,$0.00,$57.00,$125.00,$71.40,4,
551,MGC 12-26,Backtest,GoldTrendScalperV40,Short,1,4548.4,4538.3,2026-03-23 11:38:00 AM,2026-03-23 11:45:00 AM,GS,TP2,$98.60,$13072.00,$2.40,$0.00,$0.00,$0.00,$0.00,$57.00,$125.00,$26.40,8,
552,MGC 12-26,Backtest,GoldTrendScalperV40,Short,1,4534.5,4531.3,2026-03-23 11:46:00 AM,2026-03-23 11:47:00 AM,GS,TP1,$29.60,$13101.60,$2.40,$0.00,$0.00,$0.00,$0.00,$62.00,$90.00,$60.40,2,
553,MGC 12-26,Backtest,GoldTrendScalperV40,Short,1,4534.5,4529.5,2026-03-23 11:46:00 AM,2026-03-23 11:46:21 AM,GS,StallExit,$47.60,$13149.20,$2.40,$0.00,$0.00,$0.00,$0.00,$62.00,$90.00,$42.40,2,
554,MGC 12-26,Backtest,GoldTrendScalperV40,Short,1,4534.5,4530.2,2026-03-23 11:46:00 AM,2026-03-23 11:46:33 AM,GS,StallExit,$40.60,$13189.80,$2.40,$0.00,$0.00,$0.00,$0.00,$62.00,$90.00,$49.40,2,
555,MGC 12-26,Backtest,GoldTrendScalperV40,Short,1,4534.5,4531.5,2026-03-23 11:46:00 AM,2026-03-23 11:46:45 AM,GS,StallExit,$27.60,$13217.40,$2.40,$0.00,$0.00,$0.00,$0.00,$62.00,$90.00,$62.40,2,
556,MGC 12-26,Backtest,GoldTrendScalperV40,Short,1,4534.5,4528.2,2026-03-23 11:46:00 AM,2026-03-23 11:48:00 AM,GS,TP2,$60.60,$13278.00,$2.40,$0.00,$0.00,$0.00,$0.00,$62.00,$90.00,$29.40,3,
557,MGC 12-26,Backtest,GoldTrendScalperV40,Short,1,4508.0,4505.7,2026-03-24 1:34:00 PM,2026-03-24 1:37:00 PM,GS,TP1,$20.60,$13298.60,$2.40,$0.00,$0.00,$0.00,$0.00,$49.00,$117.00,$96.40,4,
558,MGC 12-26,Backtest,GoldTrendScalperV40,Short,1,4508.0,4506.0,2026-03-24 1:34:00 PM,2026-03-24 1:36:21 PM,GS,StallExit,$17.60,$13316.20,$2.40,$0.00,$0.00,$0.00,$0.00,$49.00,$117.00,$99.40,4,
559,MGC 12-26,Backtest,GoldTrendScalperV40,Short,1,4508.0,4505.5,2026-03-24 1:34:00 PM,2026-03-24 1:36:33 PM,GS,StallExit,$22.60,$13338.80,$2.40,$0.00,$0.00,$0.00,$0.00,$49.00,$117.00,$94.40,4,
560,MGC 12-26,Backtest,GoldTrendScalperV40,Short,1,4508.0,4506.2,2026-03-24 1:34:00 PM,2026-03-24 1:36:45 PM,GS,StallExit,$15.60,$13354.40,$2.40,$0.00,$0.00,$0.00,$0.00,$49.00,$117.00,$101.40,4,
561,MGC 12-26,Backtest,GoldTrendScalperV40,Short,1,4508.0,4508.0,2026-03-24 1:34:00 PM,2026-03-24 1:48:00 PM,GS,Stop loss,-$2.40,$13352.00,$2.40,$0.00,$0.00,$0.00,$0.00,$49.00,$117.00,$119.40,15,
562,MGC 12-26,Backtest,GoldTrendScalperV40,Short,5,4548.8,4555.5,2026-03-26 12:03:00 PM,2026-03-26 12:04:00 PM,GS,Stop loss,-$347.00,$13005.00,$12.00,$0.00,$0.00,$0.00,$0.00,$335.00,$55.00,$402.00,2,
563,MGC 12-26,Backtest,GoldTrendScalperV40,Short,5,4540.4,4520.9,2026-03-26 12:22:00 PM,2026-03-26 12:23:00 PM,GS,FullTake,$963.00,$13968.00,$12.00,$0.00,$0.00,$0.00,$0.00,$125.00,$1000.00,$37.00,2,
564,MGC 12-26,Backtest,GoldTrendScalperV40,Long,5,4645.6,4653.0,2026-03-27 11:14:00 AM,2026-03-27 11:15:00 AM,GL_B,FullTake,$358.00,$14326.00,$12.00,$0.00,$0.00,$0.00,$0.00,$15.00,$405.00,$47.00,2,
565,MGC 12-26,Backtest,GoldTrendScalperV40,Short,1,4641.3,4639.5,2026-03-30 1:33:00 PM,2026-03-30 1:34:00 PM,GS,TP1,$15.60,$14341.60,$2.40,$0.00,$0.00,$0.00,$0.00,$45.00,$42.00,$26.40,2,
566,MGC 12-26,Backtest,GoldTrendScalperV40,Short,1,4641.3,4639.8,2026-03-30 1:33:00 PM,2026-03-30 1:34:24 PM,GS,StallExit,$12.60,$14354.20,$2.40,$0.00,$0.00,$0.00,$0.00,$45.00,$42.00,$29.40,3,
567,MGC 12-26,Backtest,GoldTrendScalperV40,Short,1,4641.3,4639.5,2026-03-30 1:33:00 PM,2026-03-30 1:34:36 PM,GS,StallExit,$15.60,$14369.80,$2.40,$0.00,$0.00,$0.00,$0.00,$45.00,$42.00,$26.40,3,
568,MGC 12-26,Backtest,GoldTrendScalperV40,Short,1,4641.3,4638.8,2026-03-30 1:33:00 PM,2026-03-30 1:34:48 PM,GS,StallExit,$22.60,$14392.40,$2.40,$0.00,$0.00,$0.00,$0.00,$45.00,$42.00,$19.40,3,
569,MGC 12-26,Backtest,GoldTrendScalperV40,Short,1,4641.3,4645.8,2026-03-30 1:33:00 PM,2026-03-30 1:44:00 PM,GS,Stop loss,-$47.40,$14345.00,$2.40,$0.00,$0.00,$0.00,$0.00,$45.00,$42.00,$89.40,12,
570,MGC 12-26,Backtest,GoldTrendScalperV40,Long,1,4912.2,4914.8,2026-04-09 11:37:00 AM,2026-04-09 11:38:00 AM,GL_B,TP1,$23.60,$14368.60,$2.40,$0.00,$0.00,$0.00,$0.00,$57.00,$42.00,$18.40,2,
571,MGC 12-26,Backtest,GoldTrendScalperV40,Long,1,4912.2,4914.8,2026-04-09 11:37:00 AM,2026-04-09 11:37:03 AM,GL_B,StallExit,$23.60,$14392.20,$2.40,$0.00,$0.00,$0.00,$0.00,$57.00,$42.00,$18.40,2,
572,MGC 12-26,Backtest,GoldTrendScalperV40,Long,1,4912.2,4915.1,2026-04-09 11:37:00 AM,2026-04-09 11:37:15 AM,GL_B,StallExit,$26.60,$14418.80,$2.40,$0.00,$0.00,$0.00,$0.00,$57.00,$42.00,$15.40,2,
573,MGC 12-26,Backtest,GoldTrendScalperV40,Long,1,4912.2,4913.4,2026-04-09 11:37:00 AM,2026-04-09 11:37:27 AM,GL_B,StallExit,$9.60,$14428.40,$2.40,$0.00,$0.00,$0.00,$0.00,$57.00,$42.00,$32.40,2,
574,MGC 12-26,Backtest,GoldTrendScalperV40,Long,1,4912.2,4906.5,2026-04-09 11:37:00 AM,2026-04-09 11:39:00 AM,GL_B,Stop loss,-$59.40,$14369.00,$2.40,$0.00,$0.00,$0.00,$0.00,$57.00,$42.00,$101.40,3,
575,MGC 12-26,Backtest,GoldTrendScalperV40,Short,5,4916.3,4920.8,2026-04-15 11:09:00 AM,2026-04-15 11:10:00 AM,GS,Stop loss,-$237.00,$14132.00,$12.00,$0.00,$0.00,$0.00,$0.00,$225.00,$50.00,$287.00,2,
576,MGC 12-26,Backtest,GoldTrendScalperV40,Short,1,4913.3,4910.6,2026-04-15 11:31:00 AM,2026-04-15 11:32:00 AM,GS,TP1,$24.60,$14156.60,$2.40,$0.00,$0.00,$0.00,$0.00,$18.00,$116.00,$91.40,2,
577,MGC 12-26,Backtest,GoldTrendScalperV40,Short,1,4913.3,4908.4,2026-04-15 11:31:00 AM,2026-04-15 11:31:42 AM,GS,StallExit,$46.60,$14203.20,$2.40,$0.00,$0.00,$0.00,$0.00,$18.00,$116.00,$69.40,2,
578,MGC 12-26,Backtest,GoldTrendScalperV40,Short,1,4913.3,4908.4,2026-04-15 11:31:00 AM,2026-04-15 11:31:54 AM,GS,StallExit,$46.60,$14249.80,$2.40,$0.00,$0.00,$0.00,$0.00,$18.00,$116.00,$69.40,2,
579,MGC 12-26,Backtest,GoldTrendScalperV40,Short,1,4913.3,4908.2,2026-04-15 11:31:00 AM,2026-04-15 11:33:00 AM,GS,TP2,$48.60,$14298.40,$2.40,$0.00,$0.00,$0.00,$0.00,$18.00,$116.00,$67.40,3,
580,MGC 12-26,Backtest,GoldTrendScalperV40,Short,1,4913.3,4913.3,2026-04-15 11:31:00 AM,2026-04-15 11:37:00 AM,GS,Stop loss,-$2.40,$14296.00,$2.40,$0.00,$0.00,$0.00,$0.00,$18.00,$116.00,$118.40,7,
581,MGC 12-26,Backtest,GoldTrendScalperV40,Short,5,4907.7,4910.3,2026-04-20 12:06:00 PM,2026-04-20 12:06:00 PM,GS,Stop loss,-$142.00,$14154.00,$12.00,$0.00,$0.00,$0.00,$0.00,$130.00,$0.00,$142.00,1,
582,MGC 12-26,Backtest,GoldTrendScalperV40,Short,1,4886.0,4883.6,2026-04-21 10:22:00 AM,2026-04-21 10:27:00 AM,GS,TP1,$21.60,$14175.60,$2.40,$0.00,$0.00,$0.00,$0.00,$29.00,$130.00,$108.40,6,
583,MGC 12-26,Backtest,GoldTrendScalperV40,Short,1,4886.0,4883.6,2026-04-21 10:22:00 AM,2026-04-21 10:26:03 AM,GS,StallExit,$21.60,$14197.20,$2.40,$0.00,$0.00,$0.00,$0.00,$29.00,$130.00,$108.40,6,
584,MGC 12-26,Backtest,GoldTrendScalperV40,Short,1,4886.0,4882.3,2026-04-21 10:22:00 AM,2026-04-21 10:26:15 AM,GS,StallExit,$34.60,$14231.80,$2.40,$0.00,$0.00,$0.00,$0.00,$29.00,$130.00,$95.40,6,
585,MGC 12-26,Backtest,GoldTrendScalperV40,Short,1,4886.0,4883.6,2026-04-21 10:22:00 AM,2026-04-21 10:26:27 AM,GS,StallExit,$21.60,$14253.40,$2.40,$0.00,$0.00,$0.00,$0.00,$29.00,$130.00,$108.40,6,
586,MGC 12-26,Backtest,GoldTrendScalperV40,Short,1,4886.0,4875.1,2026-04-21 10:22:00 AM,2026-04-21 10:38:00 AM,GS,TP2,$106.60,$14360.00,$2.40,$0.00,$0.00,$0.00,$0.00,$29.00,$130.00,$23.40,17,
587,MGC 12-26,Backtest,GoldTrendScalperV40,Short,5,4872.5,4865.6,2026-04-21 10:41:00 AM,2026-04-21 10:42:00 AM,GS,FullTake,$333.00,$14693.00,$12.00,$0.00,$0.00,$0.00,$0.00,$105.00,$610.00,$277.00,2,
588,MGC 12-26,Backtest,GoldTrendScalperV40,Short,5,4798.2,4789.5,2026-04-23 1:43:00 PM,2026-04-23 1:44:00 PM,GS,FullTake,$423.00,$15116.00,$12.00,$0.00,$0.00,$0.00,$0.00,$170.00,$465.00,$42.00,2,
589,MGC 12-26,Backtest,GoldTrendScalperV40,Short,1,4785.8,4783.8,2026-04-27 10:57:00 AM,2026-04-27 11:03:00 AM,GS,TP1,$17.60,$15133.60,$2.40,$0.00,$0.00,$0.00,$0.00,$23.00,$103.00,$85.40,7,
590,MGC 12-26,Backtest,GoldTrendScalperV40,Short,1,4785.8,4783.8,2026-04-27 10:57:00 AM,2026-04-27 11:02:03 AM,GS,StallExit,$17.60,$15151.20,$2.40,$0.00,$0.00,$0.00,$0.00,$23.00,$103.00,$85.40,7,
591,MGC 12-26,Backtest,GoldTrendScalperV40,Short,1,4785.8,4783.3,2026-04-27 10:57:00 AM,2026-04-27 11:02:15 AM,GS,StallExit,$22.60,$15173.80,$2.40,$0.00,$0.00,$0.00,$0.00,$23.00,$103.00,$80.40,7,
592,MGC 12-26,Backtest,GoldTrendScalperV40,Short,1,4785.8,4781.0,2026-04-27 10:57:00 AM,2026-04-27 11:02:27 AM,GS,StallExit,$45.60,$15219.40,$2.40,$0.00,$0.00,$0.00,$0.00,$23.00,$103.00,$57.40,7,
593,MGC 12-26,Backtest,GoldTrendScalperV40,Short,1,4785.8,4776.5,2026-04-27 10:57:00 AM,2026-04-27 11:06:00 AM,GS,TP2,$90.60,$15310.00,$2.40,$0.00,$0.00,$0.00,$0.00,$23.00,$103.00,$12.40,10,
594,MGC 12-26,Backtest,GoldTrendScalperV40,Short,5,4780.4,4784.4,2026-04-27 11:24:00 AM,2026-04-27 11:28:00 AM,GS,Stop loss,-$212.00,$15098.00,$12.00,$0.00,$0.00,$0.00,$0.00,$200.00,$55.00,$267.00,5,
595,MGC 12-26,Backtest,GoldTrendScalperV40,Long,5,4763.0,4755.0,2026-05-01 10:14:00 AM,2026-05-01 10:20:00 AM,GL_B,Stop loss,-$412.00,$14686.00,$12.00,$0.00,$0.00,$0.00,$0.00,$400.00,$130.00,$542.00,7,
596,MGC 12-26,Backtest,GoldTrendScalperV40,Short,1,4656.0,4652.4,2026-05-04 11:15:00 AM,2026-05-04 11:16:00 AM,GS,TP1,$33.60,$14719.60,$2.40,$0.00,$0.00,$0.00,$0.00,$37.00,$148.00,$114.40,2,
597,MGC 12-26,Backtest,GoldTrendScalperV40,Short,1,4656.0,4654.5,2026-05-04 11:15:00 AM,2026-05-04 11:15:18 AM,GS,StallExit,$12.60,$14732.20,$2.40,$0.00,$0.00,$0.00,$0.00,$37.00,$148.00,$135.40,2,
598,MGC 12-26,Backtest,GoldTrendScalperV40,Short,1,4656.0,4654.3,2026-05-04 11:15:00 AM,2026-05-04 11:17:36 AM,GS,StallExit,$14.60,$14746.80,$2.40,$0.00,$0.00,$0.00,$0.00,$37.00,$148.00,$133.40,4,
599,MGC 12-26,Backtest,GoldTrendScalperV40,Short,1,4656.0,4653.6,2026-05-04 11:15:00 AM,2026-05-04 11:17:48 AM,GS,StallExit,$21.60,$14768.40,$2.40,$0.00,$0.00,$0.00,$0.00,$37.00,$148.00,$126.40,4,
600,MGC 12-26,Backtest,GoldTrendScalperV40,Short,1,4656.0,4643.3,2026-05-04 11:15:00 AM,2026-05-04 11:21:00 AM,GS,TP2,$124.60,$14893.00,$2.40,$0.00,$0.00,$0.00,$0.00,$37.00,$148.00,$23.40,7,
601,MGC 12-26,Backtest,GoldTrendScalperV40,Short,5,4639.4,4618.9,2026-05-04 11:22:00 AM,2026-05-04 11:23:00 AM,GS,FullTake,$1013.00,$15906.00,$12.00,$0.00,$0.00,$0.00,$0.00,$20.00,$1055.00,$42.00,2,
602,MGC 12-26,Backtest,GoldTrendScalperV40,Short,5,4800.0,4790.9,2026-05-07 1:28:00 PM,2026-05-07 1:29:00 PM,GS,FullTake,$443.00,$16349.00,$12.00,$0.00,$0.00,$0.00,$0.00,$20.00,$480.00,$37.00,2,
603,MGC 12-26,Backtest,GoldTrendScalperV40,Short,1,4819.2,4813.8,2026-05-11 12:43:00 PM,2026-05-11 12:44:00 PM,GS,TP1,$51.60,$16400.60,$2.40,$0.00,$0.00,$0.00,$0.00,$2.00,$92.00,$40.40,2,
604,MGC 12-26,Backtest,GoldTrendScalperV40,Short,1,4819.2,4813.8,2026-05-11 12:43:00 PM,2026-05-11 12:44:00 PM,GS,TP2,$51.60,$16452.20,$2.40,$0.00,$0.00,$0.00,$0.00,$2.00,$92.00,$40.40,2,
605,MGC 12-26,Backtest,GoldTrendScalperV40,Short,1,4819.2,4812.6,2026-05-11 12:43:00 PM,2026-05-11 12:43:24 PM,GS,StallExit,$63.60,$16515.80,$2.40,$0.00,$0.00,$0.00,$0.00,$2.00,$92.00,$28.40,2,
606,MGC 12-26,Backtest,GoldTrendScalperV40,Short,1,4819.2,4814.6,2026-05-11 12:43:00 PM,2026-05-11 12:43:36 PM,GS,StallExit,$43.60,$16559.40,$2.40,$0.00,$0.00,$0.00,$0.00,$2.00,$92.00,$48.40,2,
607,MGC 12-26,Backtest,GoldTrendScalperV40,Short,1,4819.2,4813.6,2026-05-11 12:43:00 PM,2026-05-11 12:46:00 PM,GS,TP3,$53.60,$16613.00,$2.40,$0.00,$0.00,$0.00,$0.00,$2.00,$92.00,$38.40,4,
608,MGC 12-26,Backtest,GoldTrendScalperV40,Short,1,4775.3,4771.9,2026-05-12 10:53:00 AM,2026-05-12 10:59:00 AM,GS,TP1,$31.60,$16644.60,$2.40,$0.00,$0.00,$0.00,$0.00,$34.00,$62.00,$30.40,7,
609,MGC 12-26,Backtest,GoldTrendScalperV40,Short,1,4775.3,4770.6,2026-05-12 10:53:00 AM,2026-05-12 10:58:12 AM,GS,StallExit,$44.60,$16689.20,$2.40,$0.00,$0.00,$0.00,$0.00,$34.00,$62.00,$17.40,7,
610,MGC 12-26,Backtest,GoldTrendScalperV40,Short,1,4775.3,4771.1,2026-05-12 10:53:00 AM,2026-05-12 10:58:24 AM,GS,StallExit,$39.60,$16728.80,$2.40,$0.00,$0.00,$0.00,$0.00,$34.00,$62.00,$22.40,7,
611,MGC 12-26,Backtest,GoldTrendScalperV40,Short,1,4775.3,4771.6,2026-05-12 10:53:00 AM,2026-05-12 10:58:36 AM,GS,StallExit,$34.60,$16763.40,$2.40,$0.00,$0.00,$0.00,$0.00,$34.00,$62.00,$27.40,7,
612,MGC 12-26,Backtest,GoldTrendScalperV40,Short,1,4775.3,4769.6,2026-05-12 10:53:00 AM,2026-05-12 11:03:00 AM,GS,TP2,$54.60,$16818.00,$2.40,$0.00,$0.00,$0.00,$0.00,$34.00,$62.00,$7.40,11,
613,MGC 12-26,Backtest,GoldTrendScalperV40,Short,1,4761.9,4760.4,2026-05-12 11:19:00 AM,2026-05-12 11:20:00 AM,GS,TP1,$12.60,$16830.60,$2.40,$0.00,$0.00,$0.00,$0.00,$8.00,$157.00,$144.40,2,
614,MGC 12-26,Backtest,GoldTrendScalperV40,Short,1,4761.9,4760.4,2026-05-12 11:19:00 AM,2026-05-12 11:19:03 AM,GS,StallExit,$12.60,$16843.20,$2.40,$0.00,$0.00,$0.00,$0.00,$8.00,$157.00,$144.40,2,
615,MGC 12-26,Backtest,GoldTrendScalperV40,Short,1,4761.9,4760.0,2026-05-12 11:19:00 AM,2026-05-12 11:19:21 AM,GS,StallExit,$16.60,$16859.80,$2.40,$0.00,$0.00,$0.00,$0.00,$8.00,$157.00,$140.40,2,
616,MGC 12-26,Backtest,GoldTrendScalperV40,Short,1,4761.9,4759.5,2026-05-12 11:19:00 AM,2026-05-12 11:20:36 AM,GS,StallExit,$21.60,$16881.40,$2.40,$0.00,$0.00,$0.00,$0.00,$8.00,$157.00,$135.40,3,
617,MGC 12-26,Backtest,GoldTrendScalperV40,Short,1,4761.9,4747.0,2026-05-12 11:19:00 AM,2026-05-12 11:24:00 AM,GS,TP2,$146.60,$17028.00,$2.40,$0.00,$0.00,$0.00,$0.00,$8.00,$157.00,$10.40,6,
618,MGC 12-26,Backtest,GoldTrendScalperV40,Short,5,4627.5,4631.8,2026-05-15 12:08:00 PM,2026-05-15 12:21:00 PM,GS,Stop loss,-$227.00,$16801.00,$12.00,$0.00,$0.00,$0.00,$0.00,$215.00,$75.00,$302.00,14,
619,MGC 12-26,Backtest,GoldTrendScalperV40,Short,1,4568.8,4564.0,2026-05-20 10:13:00 AM,2026-05-20 10:14:00 AM,GS,TP1,$45.60,$16846.60,$2.40,$0.00,$0.00,$0.00,$0.00,$38.00,$67.00,$21.40,2,
620,MGC 12-26,Backtest,GoldTrendScalperV40,Short,1,4568.8,4564.0,2026-05-20 10:13:00 AM,2026-05-20 10:14:00 AM,GS,TP2,$45.60,$16892.20,$2.40,$0.00,$0.00,$0.00,$0.00,$38.00,$67.00,$21.40,2,
621,MGC 12-26,Backtest,GoldTrendScalperV40,Short,1,4568.8,4564.0,2026-05-20 10:13:00 AM,2026-05-20 10:13:03 AM,GS,StallExit,$45.60,$16937.80,$2.40,$0.00,$0.00,$0.00,$0.00,$38.00,$67.00,$21.40,2,
622,MGC 12-26,Backtest,GoldTrendScalperV40,Short,1,4568.8,4562.9,2026-05-20 10:13:00 AM,2026-05-20 10:13:15 AM,GS,StallExit,$56.60,$16994.40,$2.40,$0.00,$0.00,$0.00,$0.00,$38.00,$67.00,$10.40,2,
623,MGC 12-26,Backtest,GoldTrendScalperV40,Short,1,4568.8,4572.6,2026-05-20 10:13:00 AM,2026-05-20 10:15:00 AM,GS,Stop loss,-$40.40,$16954.00,$2.40,$0.00,$0.00,$0.00,$0.00,$38.00,$67.00,$107.40,3,
624,MGC 12-26,Backtest,GoldTrendScalperV40,Short,1,4590.9,4587.8,2026-05-22 10:16:00 AM,2026-05-22 10:18:00 AM,GS,TP1,$28.60,$16982.60,$2.40,$0.00,$0.00,$0.00,$0.00,$59.00,$81.00,$52.40,3,
625,MGC 12-26,Backtest,GoldTrendScalperV40,Short,1,4590.9,4588.2,2026-05-22 10:16:00 AM,2026-05-22 10:17:06 AM,GS,StallExit,$24.60,$17007.20,$2.40,$0.00,$0.00,$0.00,$0.00,$59.00,$81.00,$56.40,3,
626,MGC 12-26,Backtest,GoldTrendScalperV40,Short,1,4590.9,4589.2,2026-05-22 10:16:00 AM,2026-05-22 10:17:30 AM,GS,StallExit,$14.60,$17021.80,$2.40,$0.00,$0.00,$0.00,$0.00,$59.00,$81.00,$66.40,3,
627,MGC 12-26,Backtest,GoldTrendScalperV40,Short,1,4590.9,4588.4,2026-05-22 10:16:00 AM,2026-05-22 10:17:42 AM,GS,StallExit,$22.60,$17044.40,$2.40,$0.00,$0.00,$0.00,$0.00,$59.00,$81.00,$58.40,3,
628,MGC 12-26,Backtest,GoldTrendScalperV40,Short,1,4590.9,4596.8,2026-05-22 10:16:00 AM,2026-05-22 10:36:00 AM,GS,Stop loss,-$61.40,$16983.00,$2.40,$0.00,$0.00,$0.00,$0.00,$59.00,$81.00,$142.40,21,
629,MGC 12-26,Backtest,GoldTrendScalperV40,Short,5,4604.0,4607.7,2026-05-26 10:14:00 AM,2026-05-26 10:20:00 AM,GS,Stop loss,-$197.00,$16786.00,$12.00,$0.00,$0.00,$0.00,$0.00,$185.00,$140.00,$337.00,7,
630,MGC 12-26,Backtest,GoldTrendScalperV40,Short,5,4598.8,4601.7,2026-05-26 11:19:00 AM,2026-05-26 11:20:00 AM,GS,Stop loss,-$157.00,$16629.00,$12.00,$0.00,$0.00,$0.00,$0.00,$145.00,$25.00,$182.00,2,
631,MGC 12-26,Backtest,GoldTrendScalperV40,Short,1,4586.8,4583.3,2026-05-26 1:57:00 PM,2026-05-26 2:00:00 PM,GS,TP1,$32.60,$16661.60,$2.40,$0.00,$0.00,$0.00,$0.00,$5.00,$95.00,$62.40,4,
632,MGC 12-26,Backtest,GoldTrendScalperV40,Short,1,4586.8,4583.3,2026-05-26 1:57:00 PM,2026-05-26 1:59:03 PM,GS,StallExit,$32.60,$16694.20,$2.40,$0.00,$0.00,$0.00,$0.00,$5.00,$95.00,$62.40,4,
633,MGC 12-26,Backtest,GoldTrendScalperV40,Short,1,4586.8,4583.6,2026-05-26 1:57:00 PM,2026-05-26 1:59:15 PM,GS,StallExit,$29.60,$16723.80,$2.40,$0.00,$0.00,$0.00,$0.00,$5.00,$95.00,$65.40,4,
634,MGC 12-26,Backtest,GoldTrendScalperV40,Short,1,4586.8,4584.3,2026-05-26 1:57:00 PM,2026-05-26 1:59:27 PM,GS,StallExit,$22.60,$16746.40,$2.40,$0.00,$0.00,$0.00,$0.00,$5.00,$95.00,$72.40,4,
635,MGC 12-26,Backtest,GoldTrendScalperV40,Short,1,4586.8,4577.7,2026-05-26 1:57:00 PM,2026-05-26 2:04:00 PM,GS,TP2,$88.60,$16835.00,$2.40,$0.00,$0.00,$0.00,$0.00,$5.00,$95.00,$6.40,8,
636,MGC 12-26,Backtest,GoldTrendScalperV40,Long,1,4666.1,4668.8,2026-05-29 11:05:00 AM,2026-05-29 11:06:00 AM,GL_B,TP1,$24.60,$16859.60,$2.40,$0.00,$0.00,$0.00,$0.00,$25.00,$146.00,$121.40,2,
637,MGC 12-26,Backtest,GoldTrendScalperV40,Long,1,4666.1,4669.5,2026-05-29 11:05:00 AM,2026-05-29 11:05:24 AM,GL_B,StallExit,$31.60,$16891.20,$2.40,$0.00,$0.00,$0.00,$0.00,$25.00,$146.00,$114.40,2,
638,MGC 12-26,Backtest,GoldTrendScalperV40,Long,1,4666.1,4668.8,2026-05-29 11:05:00 AM,2026-05-29 11:05:36 AM,GL_B,StallExit,$24.60,$16915.80,$2.40,$0.00,$0.00,$0.00,$0.00,$25.00,$146.00,$121.40,2,
639,MGC 12-26,Backtest,GoldTrendScalperV40,Long,1,4666.1,4667.4,2026-05-29 11:05:00 AM,2026-05-29 11:05:48 AM,GL_B,StallExit,$10.60,$16926.40,$2.40,$0.00,$0.00,$0.00,$0.00,$25.00,$146.00,$135.40,2,
640,MGC 12-26,Backtest,GoldTrendScalperV40,Long,1,4666.1,4679.5,2026-05-29 11:05:00 AM,2026-05-29 11:10:00 AM,GL_B,TP2,$131.60,$17058.00,$2.40,$0.00,$0.00,$0.00,$0.00,$25.00,$146.00,$14.40,6,
641,MGC 12-26,Backtest,GoldTrendScalperV40,Long,5,4682.2,4674.1,2026-05-29 11:13:00 AM,2026-05-29 11:22:00 AM,GL_B,Stop loss,-$417.00,$16641.00,$12.00,$0.00,$0.00,$0.00,$0.00,$405.00,$205.00,$622.00,10,
642,MGC 12-26,Backtest,GoldTrendScalperV40,Short,1,4441.2,4438.2,2026-06-05 10:24:00 AM,2026-06-05 10:27:00 AM,GS,TP1,$27.60,$16668.60,$2.40,$0.00,$0.00,$0.00,$0.00,$69.00,$98.00,$70.40,4,
643,MGC 12-26,Backtest,GoldTrendScalperV40,Short,1,4441.2,4438.5,2026-06-05 10:24:00 AM,2026-06-05 10:26:15 AM,GS,StallExit,$24.60,$16693.20,$2.40,$0.00,$0.00,$0.00,$0.00,$69.00,$98.00,$73.40,4,
644,MGC 12-26,Backtest,GoldTrendScalperV40,Short,1,4441.2,4439.0,2026-06-05 10:24:00 AM,2026-06-05 10:26:33 AM,GS,StallExit,$19.60,$16712.80,$2.40,$0.00,$0.00,$0.00,$0.00,$69.00,$98.00,$78.40,4,
645,MGC 12-26,Backtest,GoldTrendScalperV40,Short,1,4441.2,4437.8,2026-06-05 10:24:00 AM,2026-06-05 10:26:45 AM,GS,StallExit,$31.60,$16744.40,$2.40,$0.00,$0.00,$0.00,$0.00,$69.00,$98.00,$66.40,4,
646,MGC 12-26,Backtest,GoldTrendScalperV40,Short,1,4441.2,4432.5,2026-06-05 10:24:00 AM,2026-06-05 10:41:00 AM,GS,TP2,$84.60,$16829.00,$2.40,$0.00,$0.00,$0.00,$0.00,$69.00,$98.00,$13.40,18,
647,MGC 12-26,Backtest,GoldTrendScalperV40,Short,1,4427.0,4421.7,2026-06-05 11:39:00 AM,2026-06-05 11:40:00 AM,GS,TP1,$50.60,$16879.60,$2.40,$0.00,$0.00,$0.00,$0.00,$6.00,$81.00,$30.40,2,
648,MGC 12-26,Backtest,GoldTrendScalperV40,Short,1,4427.0,4421.7,2026-06-05 11:39:00 AM,2026-06-05 11:40:00 AM,GS,TP2,$50.60,$16930.20,$2.40,$0.00,$0.00,$0.00,$0.00,$6.00,$81.00,$30.40,2,
649,MGC 12-26,Backtest,GoldTrendScalperV40,Short,1,4427.0,4421.1,2026-06-05 11:39:00 AM,2026-06-05 11:39:12 AM,GS,StallExit,$56.60,$16986.80,$2.40,$0.00,$0.00,$0.00,$0.00,$6.00,$81.00,$24.40,2,
650,MGC 12-26,Backtest,GoldTrendScalperV40,Short,1,4427.0,4421.4,2026-06-05 11:39:00 AM,2026-06-05 11:39:24 AM,GS,StallExit,$53.60,$17040.40,$2.40,$0.00,$0.00,$0.00,$0.00,$6.00,$81.00,$27.40,2,
651,MGC 12-26,Backtest,GoldTrendScalperV40,Short,1,4427.0,4420.5,2026-06-05 11:39:00 AM,2026-06-05 11:43:00 AM,GS,TP3,$62.60,$17103.00,$2.40,$0.00,$0.00,$0.00,$0.00,$6.00,$81.00,$18.40,5,
652,MGC 12-26,Backtest,GoldTrendScalperV40,Short,5,4379.0,4367.5,2026-06-09 10:45:00 AM,2026-06-09 10:46:00 AM,GS,FullTake,$563.00,$17666.00,$12.00,$0.00,$0.00,$0.00,$0.00,$20.00,$615.00,$52.00,2,
653,MGC 12-26,Backtest,GoldTrendScalperV40,Short,1,4232.0,4229.7,2026-06-10 10:46:00 AM,2026-06-10 10:49:00 AM,GS,TP1,$20.60,$17686.60,$2.40,$0.00,$0.00,$0.00,$0.00,$18.00,$93.00,$72.40,4,
654,MGC 12-26,Backtest,GoldTrendScalperV40,Short,1,4232.0,4224.1,2026-06-10 10:46:00 AM,2026-06-10 10:48:45 AM,GS,StallExit,$76.60,$17763.20,$2.40,$0.00,$0.00,$0.00,$0.00,$18.00,$93.00,$16.40,4,
655,MGC 12-26,Backtest,GoldTrendScalperV40,Short,1,4232.0,4223.5,2026-06-10 10:46:00 AM,2026-06-10 10:48:57 AM,GS,StallExit,$82.60,$17845.80,$2.40,$0.00,$0.00,$0.00,$0.00,$18.00,$93.00,$10.40,4,
656,MGC 12-26,Backtest,GoldTrendScalperV40,Short,2,4232.0,4222.9,2026-06-10 10:46:00 AM,2026-06-10 10:50:00 AM,GS,FullTake,$177.20,$18023.00,$4.80,$0.00,$0.00,$0.00,$0.00,$36.00,$186.00,$8.80,5,
657,MGC 12-26,Backtest,GoldTrendScalperV40,Long,5,4181.8,4204.9,2026-06-11 1:31:00 PM,2026-06-11 1:32:00 PM,GL_PB,FullTake,$1143.00,$19166.00,$12.00,$0.00,$0.00,$0.00,$0.00,$10.00,$1195.00,$52.00,2,
658,MGC 12-26,Backtest,GoldTrendScalperV40,Short,5,4315.5,4321.8,2026-06-18 10:17:00 AM,2026-06-18 10:17:00 AM,GS,Stop loss,-$327.00,$18839.00,$12.00,$0.00,$0.00,$0.00,$0.00,$315.00,$0.00,$327.00,1,
659,MGC 12-26,Backtest,GoldTrendScalperV40,Short,5,4075.2,4080.5,2026-06-24 11:08:00 AM,2026-06-24 11:15:00 AM,GS,Stop loss,-$277.00,$18562.00,$12.00,$0.00,$0.00,$0.00,$0.00,$265.00,$90.00,$367.00,8,
660,MGC 12-26,Backtest,GoldTrendScalperV40,Short,1,4057.2,4055.5,2026-06-24 1:50:00 PM,2026-06-24 1:52:00 PM,GS,TP1,$14.60,$18576.60,$2.40,$0.00,$0.00,$0.00,$0.00,$16.00,$215.00,$200.40,3,
661,MGC 12-26,Backtest,GoldTrendScalperV40,Short,1,4057.2,4055.5,2026-06-24 1:50:00 PM,2026-06-24 1:51:03 PM,GS,StallExit,$14.60,$18591.20,$2.40,$0.00,$0.00,$0.00,$0.00,$16.00,$215.00,$200.40,3,
662,MGC 12-26,Backtest,GoldTrendScalperV40,Short,1,4057.2,4054.9,2026-06-24 1:50:00 PM,2026-06-24 1:51:18 PM,GS,StallExit,$20.60,$18611.80,$2.40,$0.00,$0.00,$0.00,$0.00,$16.00,$215.00,$194.40,3,
663,MGC 12-26,Backtest,GoldTrendScalperV40,Short,1,4057.2,4056.2,2026-06-24 1:50:00 PM,2026-06-24 1:52:03 PM,GS,StallExit,$7.60,$18619.40,$2.40,$0.00,$0.00,$0.00,$0.00,$16.00,$215.00,$207.40,4,
664,MGC 12-26,Backtest,GoldTrendScalperV40,Short,1,4057.2,4037.5,2026-06-24 1:50:00 PM,2026-06-24 2:05:00 PM,GS,TP2,$194.60,$18814.00,$2.40,$0.00,$0.00,$0.00,$0.00,$16.00,$215.00,$20.40,16,
665,MGC 12-26,Backtest,GoldTrendScalperV40,Short,1,4100.2,4096.3,2026-06-29 10:05:00 AM,2026-06-29 10:07:00 AM,GS,TP1,$36.60,$18850.60,$2.40,$0.00,$0.00,$0.00,$0.00,$17.00,$121.00,$84.40,3,
666,MGC 12-26,Backtest,GoldTrendScalperV40,Short,1,4100.2,4096.3,2026-06-29 10:05:00 AM,2026-06-29 10:07:00 AM,GS,TP2,$36.60,$18887.20,$2.40,$0.00,$0.00,$0.00,$0.00,$17.00,$121.00,$84.40,3,
667,MGC 12-26,Backtest,GoldTrendScalperV40,Short,1,4100.2,4096.1,2026-06-29 10:05:00 AM,2026-06-29 10:06:15 AM,GS,StallExit,$38.60,$18925.80,$2.40,$0.00,$0.00,$0.00,$0.00,$17.00,$121.00,$82.40,3,
668,MGC 12-26,Backtest,GoldTrendScalperV40,Short,1,4100.2,4090.5,2026-06-29 10:05:00 AM,2026-06-29 10:06:42 AM,GS,StallExit,$94.60,$19020.40,$2.40,$0.00,$0.00,$0.00,$0.00,$17.00,$121.00,$26.40,3,
669,MGC 12-26,Backtest,GoldTrendScalperV40,Short,1,4100.2,4090.3,2026-06-29 10:05:00 AM,2026-06-29 10:08:00 AM,GS,TP3,$96.60,$19117.00,$2.40,$0.00,$0.00,$0.00,$0.00,$17.00,$121.00,$24.40,4,
670,MGC 12-26,Backtest,GoldTrendScalperV40,Short,1,4127.4,4124.4,2026-07-08 10:16:00 AM,2026-07-08 10:17:00 AM,GS,TP1,$27.60,$19144.60,$2.40,$0.00,$0.00,$0.00,$0.00,$17.00,$61.00,$33.40,2,
671,MGC 12-26,Backtest,GoldTrendScalperV40,Short,1,4127.4,4124.4,2026-07-08 10:16:00 AM,2026-07-08 10:16:03 AM,GS,StallExit,$27.60,$19172.20,$2.40,$0.00,$0.00,$0.00,$0.00,$17.00,$61.00,$33.40,2,
672,MGC 12-26,Backtest,GoldTrendScalperV40,Short,1,4127.4,4122.6,2026-07-08 10:16:00 AM,2026-07-08 10:16:30 AM,GS,StallExit,$45.60,$19217.80,$2.40,$0.00,$0.00,$0.00,$0.00,$17.00,$61.00,$15.40,2,
673,MGC 12-26,Backtest,GoldTrendScalperV40,Short,1,4127.4,4121.6,2026-07-08 10:16:00 AM,2026-07-08 10:16:42 AM,GS,StallExit,$55.60,$19273.40,$2.40,$0.00,$0.00,$0.00,$0.00,$17.00,$61.00,$5.40,2,
674,MGC 12-26,Backtest,GoldTrendScalperV40,Short,1,4127.4,4123.5,2026-07-08 10:16:00 AM,2026-07-08 10:18:00 AM,GS,TP2,$36.60,$19310.00,$2.40,$0.00,$0.00,$0.00,$0.00,$17.00,$61.00,$24.40,3,
675,MGC 12-26,Backtest,GoldTrendScalperV40,Short,5,4100.0,4105.7,2026-07-13 10:08:00 AM,2026-07-13 10:12:00 AM,GS,Stop loss,-$297.00,$19013.00,$12.00,$0.00,$0.00,$0.00,$0.00,$285.00,$220.00,$517.00,5,
676,MGC 12-26,Backtest,GoldTrendScalperV40,Short,1,4070.4,4068.3,2026-07-13 12:31:00 PM,2026-07-13 12:33:00 PM,GS,TP1,$18.60,$19031.60,$2.40,$0.00,$0.00,$0.00,$0.00,$9.00,$137.00,$118.40,3,
677,MGC 12-26,Backtest,GoldTrendScalperV40,Short,1,4070.4,4068.3,2026-07-13 12:31:00 PM,2026-07-13 12:32:03 PM,GS,StallExit,$18.60,$19050.20,$2.40,$0.00,$0.00,$0.00,$0.00,$9.00,$137.00,$118.40,3,
678,MGC 12-26,Backtest,GoldTrendScalperV40,Short,1,4070.4,4067.7,2026-07-13 12:31:00 PM,2026-07-13 12:32:15 PM,GS,StallExit,$24.60,$19074.80,$2.40,$0.00,$0.00,$0.00,$0.00,$9.00,$137.00,$112.40,3,
679,MGC 12-26,Backtest,GoldTrendScalperV40,Short,1,4070.4,4068.0,2026-07-13 12:31:00 PM,2026-07-13 12:32:27 PM,GS,StallExit,$21.60,$19096.40,$2.40,$0.00,$0.00,$0.00,$0.00,$9.00,$137.00,$115.40,3,
680,MGC 12-26,Backtest,GoldTrendScalperV40,Short,1,4070.4,4059.1,2026-07-13 12:31:00 PM,2026-07-13 12:37:00 PM,GS,TP2,$110.60,$19207.00,$2.40,$0.00,$0.00,$0.00,$0.00,$9.00,$137.00,$26.40,7,
681,MGC 12-26,Backtest,GoldTrendScalperV40,Short,1,4060.7,4058.6,2026-07-13 12:52:00 PM,2026-07-13 12:54:00 PM,GS,TP1,$18.60,$19225.60,$2.40,$0.00,$0.00,$0.00,$0.00,$8.00,$86.00,$67.40,3,
682,MGC 12-26,Backtest,GoldTrendScalperV40,Short,1,4060.7,4058.6,2026-07-13 12:52:00 PM,2026-07-13 12:53:03 PM,GS,StallExit,$18.60,$19244.20,$2.40,$0.00,$0.00,$0.00,$0.00,$8.00,$86.00,$67.40,3,
683,MGC 12-26,Backtest,GoldTrendScalperV40,Short,1,4060.7,4058.9,2026-07-13 12:52:00 PM,2026-07-13 12:54:12 PM,GS,StallExit,$15.60,$19259.80,$2.40,$0.00,$0.00,$0.00,$0.00,$8.00,$86.00,$70.40,4,
684,MGC 12-26,Backtest,GoldTrendScalperV40,Short,1,4060.7,4058.9,2026-07-13 12:52:00 PM,2026-07-13 12:54:39 PM,GS,StallExit,$15.60,$19275.40,$2.40,$0.00,$0.00,$0.00,$0.00,$8.00,$86.00,$70.40,4,
685,MGC 12-26,Backtest,GoldTrendScalperV40,Short,1,4060.7,4060.7,2026-07-13 12:52:00 PM,2026-07-13 1:01:00 PM,GS,Stop loss,-$2.40,$19273.00,$2.40,$0.00,$0.00,$0.00,$0.00,$8.00,$86.00,$88.40,10,
686,MGC 12-26,Backtest,GoldTrendScalperV40,Short,1,4105.0,4102.8,2026-07-15 12:12:00 PM,2026-07-15 12:19:00 PM,GS,TP1,$19.60,$19292.60,$2.40,$0.00,$0.00,$0.00,$0.00,$16.00,$123.00,$103.40,8,
687,MGC 12-26,Backtest,GoldTrendScalperV40,Short,1,4105.0,4102.8,2026-07-15 12:12:00 PM,2026-07-15 12:18:03 PM,GS,StallExit,$19.60,$19312.20,$2.40,$0.00,$0.00,$0.00,$0.00,$16.00,$123.00,$103.40,8,
688,MGC 12-26,Backtest,GoldTrendScalperV40,Short,1,4105.0,4102.0,2026-07-15 12:12:00 PM,2026-07-15 12:18:18 PM,GS,StallExit,$27.60,$19339.80,$2.40,$0.00,$0.00,$0.00,$0.00,$16.00,$123.00,$95.40,8,
689,MGC 12-26,Backtest,GoldTrendScalperV40,Short,1,4105.0,4101.5,2026-07-15 12:12:00 PM,2026-07-15 12:18:33 PM,GS,StallExit,$32.60,$19372.40,$2.40,$0.00,$0.00,$0.00,$0.00,$16.00,$123.00,$90.40,8,
690,MGC 12-26,Backtest,GoldTrendScalperV40,Short,1,4105.0,4095.7,2026-07-15 12:12:00 PM,2026-07-15 12:38:00 PM,GS,TP2,$90.60,$19463.00,$2.40,$0.00,$0.00,$0.00,$0.00,$16.00,$123.00,$32.40,27,
691,MGC 12-26,Backtest,GoldTrendScalperV40,Short,1,4063.7,4061.5,2026-07-16 12:06:00 PM,2026-07-16 12:09:00 PM,GS,TP1,$19.60,$19482.60,$2.40,$0.00,$0.00,$0.00,$0.00,$13.00,$130.00,$110.40,4,
692,MGC 12-26,Backtest,GoldTrendScalperV40,Short,1,4063.7,4061.6,2026-07-16 12:06:00 PM,2026-07-16 12:08:09 PM,GS,StallExit,$18.60,$19501.20,$2.40,$0.00,$0.00,$0.00,$0.00,$13.00,$130.00,$111.40,4,
693,MGC 12-26,Backtest,GoldTrendScalperV40,Short,1,4063.7,4061.9,2026-07-16 12:06:00 PM,2026-07-16 12:09:06 PM,GS,StallExit,$15.60,$19516.80,$2.40,$0.00,$0.00,$0.00,$0.00,$13.00,$130.00,$114.40,5,
694,MGC 12-26,Backtest,GoldTrendScalperV40,Short,1,4063.7,4061.9,2026-07-16 12:06:00 PM,2026-07-16 12:09:24 PM,GS,StallExit,$15.60,$19532.40,$2.40,$0.00,$0.00,$0.00,$0.00,$13.00,$130.00,$114.40,5,
695,MGC 12-26,Backtest,GoldTrendScalperV40,Short,1,4063.7,4050.7,2026-07-16 12:06:00 PM,2026-07-16 12:20:00 PM,GS,TP2,$127.60,$19660.00,$2.40,$0.00,$0.00,$0.00,$0.00,$13.00,$130.00,$2.40,15,
696,MGC 12-26,Backtest,GoldTrendScalperV40,Short,1,4050.5,4048.4,2026-07-16 12:21:00 PM,2026-07-16 12:22:00 PM,GS,TP1,$18.60,$19678.60,$2.40,$0.00,$0.00,$0.00,$0.00,$34.00,$49.00,$30.40,2,
697,MGC 12-26,Backtest,GoldTrendScalperV40,Short,1,4050.5,4048.4,2026-07-16 12:21:00 PM,2026-07-16 12:21:03 PM,GS,StallExit,$18.60,$19697.20,$2.40,$0.00,$0.00,$0.00,$0.00,$34.00,$49.00,$30.40,2,
698,MGC 12-26,Backtest,GoldTrendScalperV40,Short,1,4050.5,4048.6,2026-07-16 12:21:00 PM,2026-07-16 12:29:12 PM,GS,StallExit,$16.60,$19713.80,$2.40,$0.00,$0.00,$0.00,$0.00,$34.00,$49.00,$32.40,10,
699,MGC 12-26,Backtest,GoldTrendScalperV40,Short,1,4050.5,4048.6,2026-07-16 12:21:00 PM,2026-07-16 12:29:39 PM,GS,StallExit,$16.60,$19730.40,$2.40,$0.00,$0.00,$0.00,$0.00,$34.00,$49.00,$32.40,10,
700,MGC 12-26,Backtest,GoldTrendScalperV40,Short,1,4050.5,4053.9,2026-07-16 12:21:00 PM,2026-07-16 12:36:00 PM,GS,Stop loss,-$36.40,$19694.00,$2.40,$0.00,$0.00,$0.00,$0.00,$34.00,$49.00,$85.40,16,
701,MGC 12-26,Backtest,GoldTrendScalperV40,Short,5,4102.2,4107.5,2026-07-23 10:10:00 AM,2026-07-23 10:10:00 AM,GS,Stop loss,-$277.00,$19417.00,$12.00,$0.00,$0.00,$0.00,$0.00,$265.00,$0.00,$277.00,1,
702,MGC 12-26,Backtest,GoldTrendScalperV40,Short,5,4107.3,4110.6,2026-07-23 11:32:00 AM,2026-07-23 11:36:00 AM,GS,Stop loss,-$177.00,$19240.00,$12.00,$0.00,$0.00,$0.00,$0.00,$165.00,$155.00,$332.00,5,
703,MGC 12-26,Backtest,GoldTrendScalperV40,Long,1,4099.1,4103.0,2026-07-29 1:08:00 PM,2026-07-29 1:14:00 PM,GL_B,TP1,$36.60,$19276.60,$2.40,$0.00,$0.00,$0.00,$0.00,$30.00,$107.00,$70.40,7,
704,MGC 12-26,Backtest,GoldTrendScalperV40,Long,1,4099.1,4107.8,2026-07-29 1:08:00 PM,2026-07-29 1:13:48 PM,GL_B,StallExit,$84.60,$19361.20,$2.40,$0.00,$0.00,$0.00,$0.00,$30.00,$107.00,$22.40,7,
705,MGC 12-26,Backtest,GoldTrendScalperV40,Long,1,4099.1,4106.5,2026-07-29 1:08:00 PM,2026-07-29 1:14:00 PM,GL_B,StallExit,$71.60,$19432.80,$2.40,$0.00,$0.00,$0.00,$0.00,$30.00,$107.00,$35.40,7,
706,MGC 12-26,Backtest,GoldTrendScalperV40,Long,1,4099.1,4106.1,2026-07-29 1:08:00 PM,2026-07-29 1:15:00 PM,GL_B,TP2,$67.60,$19500.40,$2.40,$0.00,$0.00,$0.00,$0.00,$30.00,$107.00,$39.40,8,
707,MGC 12-26,Backtest,GoldTrendScalperV40,Long,1,4099.1,4106.1,2026-07-29 1:08:00 PM,2026-07-29 1:15:00 PM,GL_B,TP3,$67.60,$19568.00,$2.40,$0.00,$0.00,$0.00,$0.00,$30.00,$107.00,$39.40,8,
708,MGC 12-26,Backtest,GoldTrendScalperV40,Long,1,4156.4,4159.6,2026-08-04 1:05:00 PM,2026-08-04 1:06:00 PM,GL_B,TP1,$29.60,$19597.60,$2.40,$0.00,$0.00,$0.00,$0.00,$0.00,$62.00,$32.40,2,
709,MGC 12-26,Backtest,GoldTrendScalperV40,Long,1,4156.4,4160.9,2026-08-04 1:05:00 PM,2026-08-04 1:05:30 PM,GL_B,StallExit,$42.60,$19640.20,$2.40,$0.00,$0.00,$0.00,$0.00,$0.00,$62.00,$19.40,2,
710,MGC 12-26,Backtest,GoldTrendScalperV40,Long,1,4156.4,4161.6,2026-08-04 1:05:00 PM,2026-08-04 1:05:42 PM,GL_B,StallExit,$49.60,$19689.80,$2.40,$0.00,$0.00,$0.00,$0.00,$0.00,$62.00,$12.40,2,
711,MGC 12-26,Backtest,GoldTrendScalperV40,Long,1,4156.4,4162.4,2026-08-04 1:05:00 PM,2026-08-04 1:05:54 PM,GL_B,StallExit,$57.60,$19747.40,$2.40,$0.00,$0.00,$0.00,$0.00,$0.00,$62.00,$4.40,2,
712,MGC 12-26,Backtest,GoldTrendScalperV40,Long,1,4156.4,4162.4,2026-08-04 1:05:00 PM,2026-08-04 1:07:00 PM,GL_B,TP2,$57.60,$19805.00,$2.40,$0.00,$0.00,$0.00,$0.00,$0.00,$62.00,$4.40,3,
713,MGC 12-26,Backtest,GoldTrendScalperV40,Long,1,4285.1,4287.7,2026-08-05 10:10:00 AM,2026-08-05 10:11:00 AM,GL_B,TP1,$23.60,$19828.60,$2.40,$0.00,$0.00,$0.00,$0.00,$4.00,$111.00,$87.40,2,
714,MGC 12-26,Backtest,GoldTrendScalperV40,Long,1,4285.1,4287.7,2026-08-05 10:10:00 AM,2026-08-05 10:10:03 AM,GL_B,StallExit,$23.60,$19852.20,$2.40,$0.00,$0.00,$0.00,$0.00,$4.00,$111.00,$87.40,2,
715,MGC 12-26,Backtest,GoldTrendScalperV40,Long,1,4285.1,4288.3,2026-08-05 10:10:00 AM,2026-08-05 10:10:15 AM,GL_B,StallExit,$29.60,$19881.80,$2.40,$0.00,$0.00,$0.00,$0.00,$4.00,$111.00,$81.40,2,
716,MGC 12-26,Backtest,GoldTrendScalperV40,Long,1,4285.1,4288.7,2026-08-05 10:10:00 AM,2026-08-05 10:10:27 AM,GL_B,StallExit,$33.60,$19915.40,$2.40,$0.00,$0.00,$0.00,$0.00,$4.00,$111.00,$77.40,2,
717,MGC 12-26,Backtest,GoldTrendScalperV40,Long,1,4285.1,4295.9,2026-08-05 10:10:00 AM,2026-08-05 10:20:00 AM,GL_B,TP2,$105.60,$20021.00,$2.40,$0.00,$0.00,$0.00,$0.00,$4.00,$111.00,$5.40,11,
718,MGC 12-26,Backtest,GoldTrendScalperV40,Long,5,4325.0,4318.6,2026-08-05 11:28:00 AM,2026-08-05 11:29:00 AM,GL_B,Stop loss,-$332.00,$19689.00,$12.00,$0.00,$0.00,$0.00,$0.00,$320.00,$15.00,$347.00,2,
719,MGC 12-26,Backtest,GoldTrendScalperV40,Short,1,4285.1,4283.1,2026-08-06 12:18:00 PM,2026-08-06 12:25:00 PM,GS,TP1,$17.60,$19706.60,$2.40,$0.00,$0.00,$0.00,$0.00,$48.00,$43.00,$25.40,8,
720,MGC 12-26,Backtest,GoldTrendScalperV40,Short,1,4285.1,4283.1,2026-08-06 12:18:00 PM,2026-08-06 12:24:03 PM,GS,StallExit,$17.60,$19724.20,$2.40,$0.00,$0.00,$0.00,$0.00,$48.00,$43.00,$25.40,8,
721,MGC 12-26,Backtest,GoldTrendScalperV40,Short,1,4285.1,4282.6,2026-08-06 12:18:00 PM,2026-08-06 12:24:15 PM,GS,StallExit,$22.60,$19746.80,$2.40,$0.00,$0.00,$0.00,$0.00,$48.00,$43.00,$20.40,8,
722,MGC 12-26,Backtest,GoldTrendScalperV40,Short,1,4285.1,4282.6,2026-08-06 12:18:00 PM,2026-08-06 12:24:27 PM,GS,StallExit,$22.60,$19769.40,$2.40,$0.00,$0.00,$0.00,$0.00,$48.00,$43.00,$20.40,8,
723,MGC 12-26,Backtest,GoldTrendScalperV40,Short,1,4285.1,4289.9,2026-08-06 12:18:00 PM,2026-08-06 12:31:00 PM,GS,Stop loss,-$50.40,$19719.00,$2.40,$0.00,$0.00,$0.00,$0.00,$48.00,$43.00,$93.40,14,
724,MGC 12-26,Backtest,GoldTrendScalperV40,Short,5,4421.2,4424.7,2026-08-13 11:20:00 AM,2026-08-13 11:20:00 AM,GS,Stop loss,-$187.00,$19532.00,$12.00,$0.00,$0.00,$0.00,$0.00,$175.00,$0.00,$187.00,1,
725,MGC 12-26,Backtest,GoldTrendScalperV40,Short,1,4418.6,4414.9,2026-08-13 11:32:00 AM,2026-08-13 11:35:00 AM,GS,TP1,$34.60,$19566.60,$2.40,$0.00,$0.00,$0.00,$0.00,$41.00,$63.00,$28.40,4,
726,MGC 12-26,Backtest,GoldTrendScalperV40,Short,1,4418.6,4414.9,2026-08-13 11:32:00 AM,2026-08-13 11:34:03 AM,GS,StallExit,$34.60,$19601.20,$2.40,$0.00,$0.00,$0.00,$0.00,$41.00,$63.00,$28.40,4,
727,MGC 12-26,Backtest,GoldTrendScalperV40,Short,1,4418.6,4414.5,2026-08-13 11:32:00 AM,2026-08-13 11:34:15 AM,GS,StallExit,$38.60,$19639.80,$2.40,$0.00,$0.00,$0.00,$0.00,$41.00,$63.00,$24.40,4,
728,MGC 12-26,Backtest,GoldTrendScalperV40,Short,1,4418.6,4415.4,2026-08-13 11:32:00 AM,2026-08-13 11:34:27 AM,GS,StallExit,$29.60,$19669.40,$2.40,$0.00,$0.00,$0.00,$0.00,$41.00,$63.00,$33.40,4,
729,MGC 12-26,Backtest,GoldTrendScalperV40,Short,1,4418.6,4422.7,2026-08-13 11:32:00 AM,2026-08-13 11:37:00 AM,GS,Stop loss,-$43.40,$19626.00,$2.40,$0.00,$0.00,$0.00,$0.00,$41.00,$63.00,$106.40,6,
730,MGC 12-26,Backtest,GoldTrendScalperV40,Short,5,4414.4,4417.3,2026-08-13 12:12:00 PM,2026-08-13 12:12:00 PM,GS,Stop loss,-$157.00,$19469.00,$12.00,$0.00,$0.00,$0.00,$0.00,$145.00,$0.00,$157.00,1,
731,MGC 12-26,Backtest,GoldTrendScalperV40,Short,1,4439.4,4435.1,2026-08-18 10:41:00 AM,2026-08-18 10:45:00 AM,GS,TP1,$40.60,$19509.60,$2.40,$0.00,$0.00,$0.00,$0.00,$49.00,$54.00,$13.40,5,
732,MGC 12-26,Backtest,GoldTrendScalperV40,Short,1,4439.4,4435.1,2026-08-18 10:41:00 AM,2026-08-18 10:45:00 AM,GS,TP2,$40.60,$19550.20,$2.40,$0.00,$0.00,$0.00,$0.00,$49.00,$54.00,$13.40,5,
733,MGC 12-26,Backtest,GoldTrendScalperV40,Short,1,4439.4,4435.1,2026-08-18 10:41:00 AM,2026-08-18 10:44:03 AM,GS,StallExit,$40.60,$19590.80,$2.40,$0.00,$0.00,$0.00,$0.00,$49.00,$54.00,$13.40,5,
734,MGC 12-26,Backtest,GoldTrendScalperV40,Short,1,4439.4,4435.1,2026-08-18 10:41:00 AM,2026-08-18 10:44:15 AM,GS,StallExit,$40.60,$19631.40,$2.40,$0.00,$0.00,$0.00,$0.00,$49.00,$54.00,$13.40,5,
735,MGC 12-26,Backtest,GoldTrendScalperV40,Short,1,4439.4,4444.3,2026-08-18 10:41:00 AM,2026-08-18 10:49:00 AM,GS,Stop loss,-$51.40,$19580.00,$2.40,$0.00,$0.00,$0.00,$0.00,$49.00,$54.00,$105.40,9,
736,MGC 12-26,Backtest,GoldTrendScalperV40,Short,1,4425.7,4422.6,2026-08-18 11:00:00 AM,2026-08-18 11:01:00 AM,GS,TP1,$28.60,$19608.60,$2.40,$0.00,$0.00,$0.00,$0.00,$59.00,$66.00,$37.40,2,
737,MGC 12-26,Backtest,GoldTrendScalperV40,Short,1,4425.7,4422.6,2026-08-18 11:00:00 AM,2026-08-18 11:00:03 AM,GS,StallExit,$28.60,$19637.20,$2.40,$0.00,$0.00,$0.00,$0.00,$59.00,$66.00,$37.40,2,
738,MGC 12-26,Backtest,GoldTrendScalperV40,Short,1,4425.7,4422.2,2026-08-18 11:00:00 AM,2026-08-18 11:00:15 AM,GS,StallExit,$32.60,$19669.80,$2.40,$0.00,$0.00,$0.00,$0.00,$59.00,$66.00,$33.40,2,
739,MGC 12-26,Backtest,GoldTrendScalperV40,Short,1,4425.7,4425.0,2026-08-18 11:00:00 AM,2026-08-18 11:00:33 AM,GS,StallExit,$4.60,$19674.40,$2.40,$0.00,$0.00,$0.00,$0.00,$59.00,$66.00,$61.40,2,
740,MGC 12-26,Backtest,GoldTrendScalperV40,Short,1,4425.7,4431.6,2026-08-18 11:00:00 AM,2026-08-18 11:05:00 AM,GS,Stop loss,-$61.40,$19613.00,$2.40,$0.00,$0.00,$0.00,$0.00,$59.00,$66.00,$127.40,6,
741,MGC 12-26,Backtest,GoldTrendScalperV40,Short,5,4410.7,4416.5,2026-08-18 11:21:00 AM,2026-08-18 11:30:00 AM,GS,Stop loss,-$302.00,$19311.00,$12.00,$0.00,$0.00,$0.00,$0.00,$290.00,$210.00,$512.00,10,
742,MGC 12-26,Backtest,GoldTrendScalperV40,Long,1,4573.7,4578.1,2026-08-20 11:02:00 AM,2026-08-20 11:03:00 AM,GL_B,TP1,$41.60,$19352.60,$2.40,$0.00,$0.00,$0.00,$0.00,$15.00,$187.00,$145.40,2,
743,MGC 12-26,Backtest,GoldTrendScalperV40,Long,1,4573.7,4578.1,2026-08-20 11:02:00 AM,2026-08-20 11:02:03 AM,GL_B,StallExit,$41.60,$19394.20,$2.40,$0.00,$0.00,$0.00,$0.00,$15.00,$187.00,$145.40,2,
744,MGC 12-26,Backtest,GoldTrendScalperV40,Long,1,4573.7,4582.6,2026-08-20 11:02:00 AM,2026-08-20 11:02:15 AM,GL_B,StallExit,$86.60,$19480.80,$2.40,$0.00,$0.00,$0.00,$0.00,$15.00,$187.00,$100.40,2,
745,MGC 12-26,Backtest,GoldTrendScalperV40,Long,1,4573.7,4583.2,2026-08-20 11:02:00 AM,2026-08-20 11:02:27 AM,GL_B,StallExit,$92.60,$19573.40,$2.40,$0.00,$0.00,$0.00,$0.00,$15.00,$187.00,$94.40,2,
746,MGC 12-26,Backtest,GoldTrendScalperV40,Long,1,4573.7,4581.4,2026-08-20 11:02:00 AM,2026-08-20 11:04:00 AM,GL_B,TP2,$74.60,$19648.00,$2.40,$0.00,$0.00,$0.00,$0.00,$15.00,$187.00,$112.40,3,
747,MGC 12-26,Backtest,GoldTrendScalperV40,Long,1,4686.6,4689.6,2026-08-21 1:01:00 PM,2026-08-21 1:10:00 PM,GL_B,TP1,$27.60,$19675.60,$2.40,$0.00,$0.00,$0.00,$0.00,$34.00,$36.00,$8.40,10,
748,MGC 12-26,Backtest,GoldTrendScalperV40,Long,1,4686.6,4689.6,2026-08-21 1:01:00 PM,2026-08-21 1:09:03 PM,GL_B,StallExit,$27.60,$19703.20,$2.40,$0.00,$0.00,$0.00,$0.00,$34.00,$36.00,$8.40,10,
749,MGC 12-26,Backtest,GoldTrendScalperV40,Long,1,4686.6,4689.8,2026-08-21 1:01:00 PM,2026-08-21 1:09:15 PM,GL_B,StallExit,$29.60,$19732.80,$2.40,$0.00,$0.00,$0.00,$0.00,$34.00,$36.00,$6.40,10,
750,MGC 12-26,Backtest,GoldTrendScalperV40,Long,1,4686.6,4689.4,2026-08-21 1:01:00 PM,2026-08-21 1:09:27 PM,GL_B,StallExit,$25.60,$19758.40,$2.40,$0.00,$0.00,$0.00,$0.00,$34.00,$36.00,$10.40,10,
751,MGC 12-26,Backtest,GoldTrendScalperV40,Long,1,4686.6,4683.2,2026-08-21 1:01:00 PM,2026-08-21 1:13:00 PM,GL_B,Stop loss,-$36.40,$19722.00,$2.40,$0.00,$0.00,$0.00,$0.00,$34.00,$36.00,$72.40,13,
752,MGC 12-26,Backtest,GoldTrendScalperV40,Short,5,4687.9,4694.0,2026-08-24 1:23:00 PM,2026-08-24 1:24:00 PM,GS,Stop loss,-$317.00,$19405.00,$12.00,$0.00,$0.00,$0.00,$0.00,$305.00,$60.00,$377.00,2,
753,MGC 12-26,Backtest,GoldTrendScalperV40,Short,5,4658.5,4651.5,2026-08-26 11:01:00 AM,2026-08-26 11:04:00 AM,GS,FullTake,$338.00,$19743.00,$12.00,$0.00,$0.00,$0.00,$0.00,$115.00,$515.00,$177.00,4,
754,MGC 12-26,Backtest,GoldTrendScalperV40,Short,1,4425.4,4423.5,2026-09-02 10:53:00 AM,2026-09-02 10:57:00 AM,GS,TP1,$16.60,$19759.60,$2.40,$0.00,$0.00,$0.00,$0.00,$25.00,$115.00,$98.40,5,
755,MGC 12-26,Backtest,GoldTrendScalperV40,Short,1,4425.4,4423.5,2026-09-02 10:53:00 AM,2026-09-02 10:56:03 AM,GS,StallExit,$16.60,$19776.20,$2.40,$0.00,$0.00,$0.00,$0.00,$25.00,$115.00,$98.40,5,
756,MGC 12-26,Backtest,GoldTrendScalperV40,Short,1,4425.4,4423.1,2026-09-02 10:53:00 AM,2026-09-02 10:56:15 AM,GS,StallExit,$20.60,$19796.80,$2.40,$0.00,$0.00,$0.00,$0.00,$25.00,$115.00,$94.40,5,
757,MGC 12-26,Backtest,GoldTrendScalperV40,Short,1,4425.4,4422.8,2026-09-02 10:53:00 AM,2026-09-02 10:56:27 AM,GS,StallExit,$23.60,$19820.40,$2.40,$0.00,$0.00,$0.00,$0.00,$25.00,$115.00,$91.40,5,
758,MGC 12-26,Backtest,GoldTrendScalperV40,Short,1,4425.4,4414.0,2026-09-02 10:53:00 AM,2026-09-02 11:22:00 AM,GS,TP2,$111.60,$19932.00,$2.40,$0.00,$0.00,$0.00,$0.00,$25.00,$115.00,$3.40,30,
759,MGC 12-26,Backtest,GoldTrendScalperV40,Short,5,4315.2,4318.6,2026-09-15 10:53:00 AM,2026-09-15 10:53:00 AM,GS,Stop loss,-$182.00,$19750.00,$12.00,$0.00,$0.00,$0.00,$0.00,$170.00,$0.00,$182.00,1,
760,MGC 12-26,Backtest,GoldTrendScalperV40,Long,5,4395.0,4389.9,2026-09-16 10:52:00 AM,2026-09-16 10:56:00 AM,GL_B,Stop loss,-$267.00,$19483.00,$12.00,$0.00,$0.00,$0.00,$0.00,$255.00,$30.00,$297.00,5,
